subgrupo,fecha,semana_registro,turno,linea,sku,formato_L,hora,n_obs,volumen_mL
1,2026-07-20,1,A (06-14),L1,FUN-B05,0.5,06:00,1,500.86
1,2026-07-20,1,A (06-14),L1,FUN-B05,0.5,06:00,2,502.11
1,2026-07-20,1,A (06-14),L1,FUN-B05,0.5,06:00,3,503.12
1,2026-07-20,1,A (06-14),L1,FUN-B05,0.5,06:00,4,502.6
1,2026-07-20,1,A (06-14),L1,FUN-B05,0.5,06:00,5,499.11
2,2026-07-20,1,A (06-14),L1,FUN-B05,0.5,08:00,1,500.4
2,2026-07-20,1,A (06-14),L1,FUN-B05,0.5,08:00,2,503.54
2,2026-07-20,1,A (06-14),L1,FUN-B05,0.5,08:00,3,502.93
2,2026-07-20,1,A (06-14),L1,FUN-B05,0.5,08:00,4,503.52
2,2026-07-20,1,A (06-14),L1,FUN-B05,0.5,08:00,5,498.37
3,2026-07-20,1,A (06-14),L1,FUN-B05,0.5,10:00,1,505.76
3,2026-07-20,1,A (06-14),L1,FUN-B05,0.5,10:00,2,501.84
3,2026-07-20,1,A (06-14),L1,FUN-B05,0.5,10:00,3,501.63
3,2026-07-20,1,A (06-14),L1,FUN-B05,0.5,10:00,4,504.39
3,2026-07-20,1,A (06-14),L1,FUN-B05,0.5,10:00,5,504.53
4,2026-07-20,1,A (06-14),L1,FUN-B05,0.5,12:00,1,502.03
4,2026-07-20,1,A (06-14),L1,FUN-B05,0.5,12:00,2,503.33
4,2026-07-20,1,A (06-14),L1,FUN-B05,0.5,12:00,3,503.22
4,2026-07-20,1,A (06-14),L1,FUN-B05,0.5,12:00,4,504.13
4,2026-07-20,1,A (06-14),L1,FUN-B05,0.5,12:00,5,503.15
5,2026-07-20,1,B (14-22),L1,CIT-L05,0.5,14:00,1,499.4
5,2026-07-20,1,B (14-22),L1,CIT-L05,0.5,14:00,2,504.62
5,2026-07-20,1,B (14-22),L1,CIT-L05,0.5,14:00,3,504.26
5,2026-07-20,1,B (14-22),L1,CIT-L05,0.5,14:00,4,500.81
5,2026-07-20,1,B (14-22),L1,CIT-L05,0.5,14:00,5,507.89
6,2026-07-20,1,B (14-22),L1,CIT-L05,0.5,16:00,1,502.28
6,2026-07-20,1,B (14-22),L1,CIT-L05,0.5,16:00,2,501.82
6,2026-07-20,1,B (14-22),L1,CIT-L05,0.5,16:00,3,505.21
6,2026-07-20,1,B (14-22),L1,CIT-L05,0.5,16:00,4,502.68
6,2026-07-20,1,B (14-22),L1,CIT-L05,0.5,16:00,5,504.09
7,2026-07-20,1,B (14-22),L1,CIT-L05,0.5,18:00,1,502.25
7,2026-07-20,1,B (14-22),L1,CIT-L05,0.5,18:00,2,501.94
7,2026-07-20,1,B (14-22),L1,CIT-L05,0.5,18:00,3,504.95
7,2026-07-20,1,B (14-22),L1,CIT-L05,0.5,18:00,4,505.39
7,2026-07-20,1,B (14-22),L1,CIT-L05,0.5,18:00,5,502.47
8,2026-07-20,1,B (14-22),L1,CIT-L05,0.5,20:00,1,501.06
8,2026-07-20,1,B (14-22),L1,CIT-L05,0.5,20:00,2,501.63
8,2026-07-20,1,B (14-22),L1,CIT-L05,0.5,20:00,3,500.91
8,2026-07-20,1,B (14-22),L1,CIT-L05,0.5,20:00,4,501.48
8,2026-07-20,1,B (14-22),L1,CIT-L05,0.5,20:00,5,503.5
9,2026-07-21,1,A (06-14),L1,NEC-D05,0.5,06:00,1,503.39
9,2026-07-21,1,A (06-14),L1,NEC-D05,0.5,06:00,2,502.43
9,2026-07-21,1,A (06-14),L1,NEC-D05,0.5,06:00,3,498.97
9,2026-07-21,1,A (06-14),L1,NEC-D05,0.5,06:00,4,503.05
9,2026-07-21,1,A (06-14),L1,NEC-D05,0.5,06:00,5,500.27
10,2026-07-21,1,A (06-14),L1,NEC-D05,0.5,08:00,1,501.68
10,2026-07-21,1,A (06-14),L1,NEC-D05,0.5,08:00,2,500.92
10,2026-07-21,1,A (06-14),L1,NEC-D05,0.5,08:00,3,504.56
10,2026-07-21,1,A (06-14),L1,NEC-D05,0.5,08:00,4,502.46
10,2026-07-21,1,A (06-14),L1,NEC-D05,0.5,08:00,5,504.33
11,2026-07-21,1,A (06-14),L1,NEC-D05,0.5,10:00,1,502.5
11,2026-07-21,1,A (06-14),L1,NEC-D05,0.5,10:00,2,503.63
11,2026-07-21,1,A (06-14),L1,NEC-D05,0.5,10:00,3,502.05
11,2026-07-21,1,A (06-14),L1,NEC-D05,0.5,10:00,4,501.78
11,2026-07-21,1,A (06-14),L1,NEC-D05,0.5,10:00,5,504.65
12,2026-07-21,1,A (06-14),L1,NEC-D05,0.5,12:00,1,499.44
12,2026-07-21,1,A (06-14),L1,NEC-D05,0.5,12:00,2,499.62
12,2026-07-21,1,A (06-14),L1,NEC-D05,0.5,12:00,3,500.55
12,2026-07-21,1,A (06-14),L1,NEC-D05,0.5,12:00,4,502.48
12,2026-07-21,1,A (06-14),L1,NEC-D05,0.5,12:00,5,500.91
13,2026-07-21,1,B (14-22),L1,CIT-L05,0.5,14:00,1,500.86
13,2026-07-21,1,B (14-22),L1,CIT-L05,0.5,14:00,2,504.57
13,2026-07-21,1,B (14-22),L1,CIT-L05,0.5,14:00,3,500.54
13,2026-07-21,1,B (14-22),L1,CIT-L05,0.5,14:00,4,501.83
13,2026-07-21,1,B (14-22),L1,CIT-L05,0.5,14:00,5,503.21
14,2026-07-21,1,B (14-22),L1,CIT-L05,0.5,16:00,1,502.1
14,2026-07-21,1,B (14-22),L1,CIT-L05,0.5,16:00,2,504.35
14,2026-07-21,1,B (14-22),L1,CIT-L05,0.5,16:00,3,505.01
14,2026-07-21,1,B (14-22),L1,CIT-L05,0.5,16:00,4,499.58
14,2026-07-21,1,B (14-22),L1,CIT-L05,0.5,16:00,5,503.46
15,2026-07-21,1,B (14-22),L1,CIT-L05,0.5,18:00,1,506.09
15,2026-07-21,1,B (14-22),L1,CIT-L05,0.5,18:00,2,506.25
15,2026-07-21,1,B (14-22),L1,CIT-L05,0.5,18:00,3,500.35
15,2026-07-21,1,B (14-22),L1,CIT-L05,0.5,18:00,4,500.27
15,2026-07-21,1,B (14-22),L1,CIT-L05,0.5,18:00,5,501.99
16,2026-07-21,1,B (14-22),L1,CIT-L05,0.5,20:00,1,500.4
16,2026-07-21,1,B (14-22),L1,CIT-L05,0.5,20:00,2,503.93
16,2026-07-21,1,B (14-22),L1,CIT-L05,0.5,20:00,3,501.85
16,2026-07-21,1,B (14-22),L1,CIT-L05,0.5,20:00,4,505.47
16,2026-07-21,1,B (14-22),L1,CIT-L05,0.5,20:00,5,505.65
17,2026-07-22,1,A (06-14),L1,CIT-L05,0.5,06:00,1,500.21
17,2026-07-22,1,A (06-14),L1,CIT-L05,0.5,06:00,2,499.83
17,2026-07-22,1,A (06-14),L1,CIT-L05,0.5,06:00,3,504.97
17,2026-07-22,1,A (06-14),L1,CIT-L05,0.5,06:00,4,501.54
17,2026-07-22,1,A (06-14),L1,CIT-L05,0.5,06:00,5,502.03
18,2026-07-22,1,A (06-14),L1,CIT-L05,0.5,08:00,1,504.76
18,2026-07-22,1,A (06-14),L1,CIT-L05,0.5,08:00,2,505.63
18,2026-07-22,1,A (06-14),L1,CIT-L05,0.5,08:00,3,505.13
18,2026-07-22,1,A (06-14),L1,CIT-L05,0.5,08:00,4,506.14
18,2026-07-22,1,A (06-14),L1,CIT-L05,0.5,08:00,5,501.3
19,2026-07-22,1,A (06-14),L1,CIT-L05,0.5,10:00,1,503.87
19,2026-07-22,1,A (06-14),L1,CIT-L05,0.5,10:00,2,500.06
19,2026-07-22,1,A (06-14),L1,CIT-L05,0.5,10:00,3,504.09
19,2026-07-22,1,A (06-14),L1,CIT-L05,0.5,10:00,4,503.32
19,2026-07-22,1,A (06-14),L1,CIT-L05,0.5,10:00,5,501.13
20,2026-07-22,1,A (06-14),L1,CIT-L05,0.5,12:00,1,503.1
20,2026-07-22,1,A (06-14),L1,CIT-L05,0.5,12:00,2,501.28
20,2026-07-22,1,A (06-14),L1,CIT-L05,0.5,12:00,3,504.77
20,2026-07-22,1,A (06-14),L1,CIT-L05,0.5,12:00,4,498.52
20,2026-07-22,1,A (06-14),L1,CIT-L05,0.5,12:00,5,499.46
21,2026-07-22,1,B (14-22),L1,NEC-D05,0.5,14:00,1,502.38
21,2026-07-22,1,B (14-22),L1,NEC-D05,0.5,14:00,2,502.52
21,2026-07-22,1,B (14-22),L1,NEC-D05,0.5,14:00,3,503.2
21,2026-07-22,1,B (14-22),L1,NEC-D05,0.5,14:00,4,502.9
21,2026-07-22,1,B (14-22),L1,NEC-D05,0.5,14:00,5,501.45
22,2026-07-22,1,B (14-22),L1,NEC-D05,0.5,16:00,1,503.16
22,2026-07-22,1,B (14-22),L1,NEC-D05,0.5,16:00,2,500.93
22,2026-07-22,1,B (14-22),L1,NEC-D05,0.5,16:00,3,504.16
22,2026-07-22,1,B (14-22),L1,NEC-D05,0.5,16:00,4,501.88
22,2026-07-22,1,B (14-22),L1,NEC-D05,0.5,16:00,5,501.92
23,2026-07-22,1,B (14-22),L1,NEC-D05,0.5,18:00,1,501.05
23,2026-07-22,1,B (14-22),L1,NEC-D05,0.5,18:00,2,497.38
23,2026-07-22,1,B (14-22),L1,NEC-D05,0.5,18:00,3,503.64
23,2026-07-22,1,B (14-22),L1,NEC-D05,0.5,18:00,4,499.94
23,2026-07-22,1,B (14-22),L1,NEC-D05,0.5,18:00,5,499.26
24,2026-07-22,1,B (14-22),L1,NEC-D05,0.5,20:00,1,502.54
24,2026-07-22,1,B (14-22),L1,NEC-D05,0.5,20:00,2,502.99
24,2026-07-22,1,B (14-22),L1,NEC-D05,0.5,20:00,3,501.19
24,2026-07-22,1,B (14-22),L1,NEC-D05,0.5,20:00,4,504.37
24,2026-07-22,1,B (14-22),L1,NEC-D05,0.5,20:00,5,502.58
25,2026-07-20,1,A (06-14),L2,CIT-L30,3.0,06:00,1,3019.24
25,2026-07-20,1,A (06-14),L2,CIT-L30,3.0,06:00,2,2996.61
25,2026-07-20,1,A (06-14),L2,CIT-L30,3.0,06:00,3,3001.02
25,2026-07-20,1,A (06-14),L2,CIT-L30,3.0,06:00,4,3002.73
25,2026-07-20,1,A (06-14),L2,CIT-L30,3.0,06:00,5,3018.6
26,2026-07-20,1,A (06-14),L2,CIT-L30,3.0,08:00,1,3005.61
26,2026-07-20,1,A (06-14),L2,CIT-L30,3.0,08:00,2,3001.03
26,2026-07-20,1,A (06-14),L2,CIT-L30,3.0,08:00,3,3015.2
26,2026-07-20,1,A (06-14),L2,CIT-L30,3.0,08:00,4,2999.05
26,2026-07-20,1,A (06-14),L2,CIT-L30,3.0,08:00,5,3013.24
27,2026-07-20,1,A (06-14),L2,CIT-L30,3.0,10:00,1,3009.43
27,2026-07-20,1,A (06-14),L2,CIT-L30,3.0,10:00,2,3002.25
27,2026-07-20,1,A (06-14),L2,CIT-L30,3.0,10:00,3,2996.46
27,2026-07-20,1,A (06-14),L2,CIT-L30,3.0,10:00,4,3012.57
27,2026-07-20,1,A (06-14),L2,CIT-L30,3.0,10:00,5,3006.09
28,2026-07-20,1,A (06-14),L2,CIT-L30,3.0,12:00,1,3025.29
28,2026-07-20,1,A (06-14),L2,CIT-L30,3.0,12:00,2,3007.58
28,2026-07-20,1,A (06-14),L2,CIT-L30,3.0,12:00,3,2995.91
28,2026-07-20,1,A (06-14),L2,CIT-L30,3.0,12:00,4,3001.01
28,2026-07-20,1,A (06-14),L2,CIT-L30,3.0,12:00,5,3006.35
29,2026-07-20,1,B (14-22),L2,CIT-L30,3.0,14:00,1,3010.51
29,2026-07-20,1,B (14-22),L2,CIT-L30,3.0,14:00,2,3006.42
29,2026-07-20,1,B (14-22),L2,CIT-L30,3.0,14:00,3,3012.91
29,2026-07-20,1,B (14-22),L2,CIT-L30,3.0,14:00,4,2998.99
29,2026-07-20,1,B (14-22),L2,CIT-L30,3.0,14:00,5,3010.68
30,2026-07-20,1,B (14-22),L2,CIT-L30,3.0,16:00,1,3008.71
30,2026-07-20,1,B (14-22),L2,CIT-L30,3.0,16:00,2,3002.43
30,2026-07-20,1,B (14-22),L2,CIT-L30,3.0,16:00,3,3009.31
30,2026-07-20,1,B (14-22),L2,CIT-L30,3.0,16:00,4,3000.57
30,2026-07-20,1,B (14-22),L2,CIT-L30,3.0,16:00,5,3013.7
31,2026-07-20,1,B (14-22),L2,CIT-L30,3.0,18:00,1,3007.91
31,2026-07-20,1,B (14-22),L2,CIT-L30,3.0,18:00,2,3001.86
31,2026-07-20,1,B (14-22),L2,CIT-L30,3.0,18:00,3,3005.07
31,2026-07-20,1,B (14-22),L2,CIT-L30,3.0,18:00,4,3013.59
31,2026-07-20,1,B (14-22),L2,CIT-L30,3.0,18:00,5,3013.19
32,2026-07-20,1,B (14-22),L2,CIT-L30,3.0,20:00,1,2991.13
32,2026-07-20,1,B (14-22),L2,CIT-L30,3.0,20:00,2,3007.27
32,2026-07-20,1,B (14-22),L2,CIT-L30,3.0,20:00,3,3004.67
32,2026-07-20,1,B (14-22),L2,CIT-L30,3.0,20:00,4,3012.83
32,2026-07-20,1,B (14-22),L2,CIT-L30,3.0,20:00,5,3008.03
33,2026-07-20,1,C (22-06),L2,NEC-D15,1.5,22:00,1,1499.99
33,2026-07-20,1,C (22-06),L2,NEC-D15,1.5,22:00,2,1512.04
33,2026-07-20,1,C (22-06),L2,NEC-D15,1.5,22:00,3,1502.77
33,2026-07-20,1,C (22-06),L2,NEC-D15,1.5,22:00,4,1519.68
33,2026-07-20,1,C (22-06),L2,NEC-D15,1.5,22:00,5,1493.73
34,2026-07-20,1,C (22-06),L2,NEC-D15,1.5,00:00,1,1514.96
34,2026-07-20,1,C (22-06),L2,NEC-D15,1.5,00:00,2,1505.68
34,2026-07-20,1,C (22-06),L2,NEC-D15,1.5,00:00,3,1513.35
34,2026-07-20,1,C (22-06),L2,NEC-D15,1.5,00:00,4,1513.5
34,2026-07-20,1,C (22-06),L2,NEC-D15,1.5,00:00,5,1505.48
35,2026-07-20,1,C (22-06),L2,NEC-D15,1.5,02:00,1,1502.17
35,2026-07-20,1,C (22-06),L2,NEC-D15,1.5,02:00,2,1503.64
35,2026-07-20,1,C (22-06),L2,NEC-D15,1.5,02:00,3,1502.5
35,2026-07-20,1,C (22-06),L2,NEC-D15,1.5,02:00,4,1516.08
35,2026-07-20,1,C (22-06),L2,NEC-D15,1.5,02:00,5,1502.52
36,2026-07-20,1,C (22-06),L2,NEC-D15,1.5,04:00,1,1517.02
36,2026-07-20,1,C (22-06),L2,NEC-D15,1.5,04:00,2,1499.64
36,2026-07-20,1,C (22-06),L2,NEC-D15,1.5,04:00,3,1508.54
36,2026-07-20,1,C (22-06),L2,NEC-D15,1.5,04:00,4,1503.25
36,2026-07-20,1,C (22-06),L2,NEC-D15,1.5,04:00,5,1508.32
37,2026-07-21,1,A (06-14),L2,FUN-B15,1.5,06:00,1,1499.2
37,2026-07-21,1,A (06-14),L2,FUN-B15,1.5,06:00,2,1508.86
37,2026-07-21,1,A (06-14),L2,FUN-B15,1.5,06:00,3,1511.23
37,2026-07-21,1,A (06-14),L2,FUN-B15,1.5,06:00,4,1504.72
37,2026-07-21,1,A (06-14),L2,FUN-B15,1.5,06:00,5,1504.74
38,2026-07-21,1,A (06-14),L2,FUN-B15,1.5,08:00,1,1504.9
38,2026-07-21,1,A (06-14),L2,FUN-B15,1.5,08:00,2,1503.74
38,2026-07-21,1,A (06-14),L2,FUN-B15,1.5,08:00,3,1498.45
38,2026-07-21,1,A (06-14),L2,FUN-B15,1.5,08:00,4,1505.69
38,2026-07-21,1,A (06-14),L2,FUN-B15,1.5,08:00,5,1494.63
39,2026-07-21,1,A (06-14),L2,FUN-B15,1.5,10:00,1,1504.14
39,2026-07-21,1,A (06-14),L2,FUN-B15,1.5,10:00,2,1502.87
39,2026-07-21,1,A (06-14),L2,FUN-B15,1.5,10:00,3,1500.21
39,2026-07-21,1,A (06-14),L2,FUN-B15,1.5,10:00,4,1502.75
39,2026-07-21,1,A (06-14),L2,FUN-B15,1.5,10:00,5,1507.21
40,2026-07-21,1,A (06-14),L2,FUN-B15,1.5,12:00,1,1501.25
40,2026-07-21,1,A (06-14),L2,FUN-B15,1.5,12:00,2,1501.26
40,2026-07-21,1,A (06-14),L2,FUN-B15,1.5,12:00,3,1500.66
40,2026-07-21,1,A (06-14),L2,FUN-B15,1.5,12:00,4,1503.73
40,2026-07-21,1,A (06-14),L2,FUN-B15,1.5,12:00,5,1498.92
41,2026-07-21,1,B (14-22),L2,CIT-L30,3.0,14:00,1,3012.32
41,2026-07-21,1,B (14-22),L2,CIT-L30,3.0,14:00,2,3008.02
41,2026-07-21,1,B (14-22),L2,CIT-L30,3.0,14:00,3,3005.73
41,2026-07-21,1,B (14-22),L2,CIT-L30,3.0,14:00,4,3005.31
41,2026-07-21,1,B (14-22),L2,CIT-L30,3.0,14:00,5,3014.28
42,2026-07-21,1,B (14-22),L2,CIT-L30,3.0,16:00,1,3015.16
42,2026-07-21,1,B (14-22),L2,CIT-L30,3.0,16:00,2,3007.85
42,2026-07-21,1,B (14-22),L2,CIT-L30,3.0,16:00,3,3014.63
42,2026-07-21,1,B (14-22),L2,CIT-L30,3.0,16:00,4,3009.4
42,2026-07-21,1,B (14-22),L2,CIT-L30,3.0,16:00,5,3009.3
43,2026-07-21,1,B (14-22),L2,CIT-L30,3.0,18:00,1,3005.59
43,2026-07-21,1,B (14-22),L2,CIT-L30,3.0,18:00,2,2997.93
43,2026-07-21,1,B (14-22),L2,CIT-L30,3.0,18:00,3,3004.98
43,2026-07-21,1,B (14-22),L2,CIT-L30,3.0,18:00,4,2999.68
43,2026-07-21,1,B (14-22),L2,CIT-L30,3.0,18:00,5,3016.97
44,2026-07-21,1,B (14-22),L2,CIT-L30,3.0,20:00,1,3004.07
44,2026-07-21,1,B (14-22),L2,CIT-L30,3.0,20:00,2,3007.13
44,2026-07-21,1,B (14-22),L2,CIT-L30,3.0,20:00,3,3003.58
44,2026-07-21,1,B (14-22),L2,CIT-L30,3.0,20:00,4,3003.57
44,2026-07-21,1,B (14-22),L2,CIT-L30,3.0,20:00,5,3011.91
45,2026-07-21,1,C (22-06),L2,NEC-D15,1.5,22:00,1,1502.56
45,2026-07-21,1,C (22-06),L2,NEC-D15,1.5,22:00,2,1499.93
45,2026-07-21,1,C (22-06),L2,NEC-D15,1.5,22:00,3,1504.54
45,2026-07-21,1,C (22-06),L2,NEC-D15,1.5,22:00,4,1506.61
45,2026-07-21,1,C (22-06),L2,NEC-D15,1.5,22:00,5,1502.77
46,2026-07-21,1,C (22-06),L2,NEC-D15,1.5,00:00,1,1507.06
46,2026-07-21,1,C (22-06),L2,NEC-D15,1.5,00:00,2,1509.1
46,2026-07-21,1,C (22-06),L2,NEC-D15,1.5,00:00,3,1498.91
46,2026-07-21,1,C (22-06),L2,NEC-D15,1.5,00:00,4,1506.94
46,2026-07-21,1,C (22-06),L2,NEC-D15,1.5,00:00,5,1504.12
47,2026-07-21,1,C (22-06),L2,NEC-D15,1.5,02:00,1,1506.95
47,2026-07-21,1,C (22-06),L2,NEC-D15,1.5,02:00,2,1500.35
47,2026-07-21,1,C (22-06),L2,NEC-D15,1.5,02:00,3,1515.08
47,2026-07-21,1,C (22-06),L2,NEC-D15,1.5,02:00,4,1500.01
47,2026-07-21,1,C (22-06),L2,NEC-D15,1.5,02:00,5,1509.91
48,2026-07-21,1,C (22-06),L2,NEC-D15,1.5,04:00,1,1509.15
48,2026-07-21,1,C (22-06),L2,NEC-D15,1.5,04:00,2,1505.75
48,2026-07-21,1,C (22-06),L2,NEC-D15,1.5,04:00,3,1506.03
48,2026-07-21,1,C (22-06),L2,NEC-D15,1.5,04:00,4,1508.38
48,2026-07-21,1,C (22-06),L2,NEC-D15,1.5,04:00,5,1503.0
49,2026-07-22,1,A (06-14),L2,FUN-B30,3.0,06:00,1,3008.78
49,2026-07-22,1,A (06-14),L2,FUN-B30,3.0,06:00,2,3018.24
49,2026-07-22,1,A (06-14),L2,FUN-B30,3.0,06:00,3,3017.38
49,2026-07-22,1,A (06-14),L2,FUN-B30,3.0,06:00,4,3013.03
49,2026-07-22,1,A (06-14),L2,FUN-B30,3.0,06:00,5,3020.95
50,2026-07-22,1,A (06-14),L2,FUN-B30,3.0,08:00,1,3012.16
50,2026-07-22,1,A (06-14),L2,FUN-B30,3.0,08:00,2,3014.77
50,2026-07-22,1,A (06-14),L2,FUN-B30,3.0,08:00,3,3016.09
50,2026-07-22,1,A (06-14),L2,FUN-B30,3.0,08:00,4,3005.93
50,2026-07-22,1,A (06-14),L2,FUN-B30,3.0,08:00,5,3002.38
51,2026-07-22,1,A (06-14),L2,FUN-B30,3.0,10:00,1,3017.06
51,2026-07-22,1,A (06-14),L2,FUN-B30,3.0,10:00,2,3014.31
51,2026-07-22,1,A (06-14),L2,FUN-B30,3.0,10:00,3,3008.24
51,2026-07-22,1,A (06-14),L2,FUN-B30,3.0,10:00,4,2995.74
51,2026-07-22,1,A (06-14),L2,FUN-B30,3.0,10:00,5,3017.37
52,2026-07-22,1,A (06-14),L2,FUN-B30,3.0,12:00,1,3014.14
52,2026-07-22,1,A (06-14),L2,FUN-B30,3.0,12:00,2,3016.1
52,2026-07-22,1,A (06-14),L2,FUN-B30,3.0,12:00,3,3007.02
52,2026-07-22,1,A (06-14),L2,FUN-B30,3.0,12:00,4,2989.7
52,2026-07-22,1,A (06-14),L2,FUN-B30,3.0,12:00,5,3008.5
53,2026-07-22,1,B (14-22),L2,FUN-B30,3.0,14:00,1,3011.47
53,2026-07-22,1,B (14-22),L2,FUN-B30,3.0,14:00,2,3016.96
53,2026-07-22,1,B (14-22),L2,FUN-B30,3.0,14:00,3,3010.81
53,2026-07-22,1,B (14-22),L2,FUN-B30,3.0,14:00,4,3016.84
53,2026-07-22,1,B (14-22),L2,FUN-B30,3.0,14:00,5,3013.7
54,2026-07-22,1,B (14-22),L2,FUN-B30,3.0,16:00,1,3009.19
54,2026-07-22,1,B (14-22),L2,FUN-B30,3.0,16:00,2,3011.74
54,2026-07-22,1,B (14-22),L2,FUN-B30,3.0,16:00,3,3018.53
54,2026-07-22,1,B (14-22),L2,FUN-B30,3.0,16:00,4,3016.38
54,2026-07-22,1,B (14-22),L2,FUN-B30,3.0,16:00,5,3015.91
55,2026-07-22,1,B (14-22),L2,FUN-B30,3.0,18:00,1,3007.7
55,2026-07-22,1,B (14-22),L2,FUN-B30,3.0,18:00,2,2997.04
55,2026-07-22,1,B (14-22),L2,FUN-B30,3.0,18:00,3,3005.89
55,2026-07-22,1,B (14-22),L2,FUN-B30,3.0,18:00,4,2998.49
55,2026-07-22,1,B (14-22),L2,FUN-B30,3.0,18:00,5,3019.2
56,2026-07-22,1,B (14-22),L2,FUN-B30,3.0,20:00,1,3013.17
56,2026-07-22,1,B (14-22),L2,FUN-B30,3.0,20:00,2,2999.78
56,2026-07-22,1,B (14-22),L2,FUN-B30,3.0,20:00,3,3009.36
56,2026-07-22,1,B (14-22),L2,FUN-B30,3.0,20:00,4,3005.78
56,2026-07-22,1,B (14-22),L2,FUN-B30,3.0,20:00,5,3024.75
57,2026-07-22,1,C (22-06),L2,FUN-B30,3.0,22:00,1,3026.41
57,2026-07-22,1,C (22-06),L2,FUN-B30,3.0,22:00,2,3014.77
57,2026-07-22,1,C (22-06),L2,FUN-B30,3.0,22:00,3,3017.0
57,2026-07-22,1,C (22-06),L2,FUN-B30,3.0,22:00,4,3035.85
57,2026-07-22,1,C (22-06),L2,FUN-B30,3.0,22:00,5,3023.91
58,2026-07-22,1,C (22-06),L2,FUN-B30,3.0,00:00,1,3007.63
58,2026-07-22,1,C (22-06),L2,FUN-B30,3.0,00:00,2,3004.8
58,2026-07-22,1,C (22-06),L2,FUN-B30,3.0,00:00,3,3010.92
58,2026-07-22,1,C (22-06),L2,FUN-B30,3.0,00:00,4,2997.45
58,2026-07-22,1,C (22-06),L2,FUN-B30,3.0,00:00,5,3016.03
59,2026-07-22,1,C (22-06),L2,FUN-B30,3.0,02:00,1,3005.87
59,2026-07-22,1,C (22-06),L2,FUN-B30,3.0,02:00,2,2988.1
59,2026-07-22,1,C (22-06),L2,FUN-B30,3.0,02:00,3,3004.76
59,2026-07-22,1,C (22-06),L2,FUN-B30,3.0,02:00,4,3000.17
59,2026-07-22,1,C (22-06),L2,FUN-B30,3.0,02:00,5,3003.84
60,2026-07-22,1,C (22-06),L2,FUN-B30,3.0,04:00,1,3024.89
60,2026-07-22,1,C (22-06),L2,FUN-B30,3.0,04:00,2,3007.37
60,2026-07-22,1,C (22-06),L2,FUN-B30,3.0,04:00,3,3008.23
60,2026-07-22,1,C (22-06),L2,FUN-B30,3.0,04:00,4,3008.86
60,2026-07-22,1,C (22-06),L2,FUN-B30,3.0,04:00,5,3015.73
61,2026-07-23,1,A (06-14),L2,CIT-L15,1.5,06:00,1,1499.29
61,2026-07-23,1,A (06-14),L2,CIT-L15,1.5,06:00,2,1501.54
61,2026-07-23,1,A (06-14),L2,CIT-L15,1.5,06:00,3,1497.27
61,2026-07-23,1,A (06-14),L2,CIT-L15,1.5,06:00,4,1504.01
61,2026-07-23,1,A (06-14),L2,CIT-L15,1.5,06:00,5,1494.77
62,2026-07-23,1,A (06-14),L2,CIT-L15,1.5,08:00,1,1504.46
62,2026-07-23,1,A (06-14),L2,CIT-L15,1.5,08:00,2,1507.51
62,2026-07-23,1,A (06-14),L2,CIT-L15,1.5,08:00,3,1506.09
62,2026-07-23,1,A (06-14),L2,CIT-L15,1.5,08:00,4,1503.59
62,2026-07-23,1,A (06-14),L2,CIT-L15,1.5,08:00,5,1505.24
63,2026-07-23,1,A (06-14),L2,CIT-L15,1.5,10:00,1,1508.75
63,2026-07-23,1,A (06-14),L2,CIT-L15,1.5,10:00,2,1496.97
63,2026-07-23,1,A (06-14),L2,CIT-L15,1.5,10:00,3,1506.86
63,2026-07-23,1,A (06-14),L2,CIT-L15,1.5,10:00,4,1505.4
63,2026-07-23,1,A (06-14),L2,CIT-L15,1.5,10:00,5,1507.74
64,2026-07-23,1,A (06-14),L2,CIT-L15,1.5,12:00,1,1505.36
64,2026-07-23,1,A (06-14),L2,CIT-L15,1.5,12:00,2,1500.55
64,2026-07-23,1,A (06-14),L2,CIT-L15,1.5,12:00,3,1497.31
64,2026-07-23,1,A (06-14),L2,CIT-L15,1.5,12:00,4,1506.12
64,2026-07-23,1,A (06-14),L2,CIT-L15,1.5,12:00,5,1504.95
65,2026-07-23,1,B (14-22),L2,NEC-D30,3.0,14:00,1,3003.84
65,2026-07-23,1,B (14-22),L2,NEC-D30,3.0,14:00,2,3006.0
65,2026-07-23,1,B (14-22),L2,NEC-D30,3.0,14:00,3,3011.41
65,2026-07-23,1,B (14-22),L2,NEC-D30,3.0,14:00,4,3015.64
65,2026-07-23,1,B (14-22),L2,NEC-D30,3.0,14:00,5,3004.89
66,2026-07-23,1,B (14-22),L2,NEC-D30,3.0,16:00,1,3004.97
66,2026-07-23,1,B (14-22),L2,NEC-D30,3.0,16:00,2,2999.24
66,2026-07-23,1,B (14-22),L2,NEC-D30,3.0,16:00,3,3007.01
66,2026-07-23,1,B (14-22),L2,NEC-D30,3.0,16:00,4,3012.99
66,2026-07-23,1,B (14-22),L2,NEC-D30,3.0,16:00,5,3002.24
67,2026-07-23,1,B (14-22),L2,NEC-D30,3.0,18:00,1,2990.37
67,2026-07-23,1,B (14-22),L2,NEC-D30,3.0,18:00,2,3014.85
67,2026-07-23,1,B (14-22),L2,NEC-D30,3.0,18:00,3,3017.23
67,2026-07-23,1,B (14-22),L2,NEC-D30,3.0,18:00,4,3002.84
67,2026-07-23,1,B (14-22),L2,NEC-D30,3.0,18:00,5,3010.18
68,2026-07-23,1,B (14-22),L2,NEC-D30,3.0,20:00,1,3017.59
68,2026-07-23,1,B (14-22),L2,NEC-D30,3.0,20:00,2,2994.38
68,2026-07-23,1,B (14-22),L2,NEC-D30,3.0,20:00,3,2998.58
68,2026-07-23,1,B (14-22),L2,NEC-D30,3.0,20:00,4,3022.89
68,2026-07-23,1,B (14-22),L2,NEC-D30,3.0,20:00,5,2997.3
69,2026-07-23,1,C (22-06),L2,NEC-D30,3.0,22:00,1,3028.2
69,2026-07-23,1,C (22-06),L2,NEC-D30,3.0,22:00,2,3015.64
69,2026-07-23,1,C (22-06),L2,NEC-D30,3.0,22:00,3,3024.83
69,2026-07-23,1,C (22-06),L2,NEC-D30,3.0,22:00,4,2994.99
69,2026-07-23,1,C (22-06),L2,NEC-D30,3.0,22:00,5,3002.7
70,2026-07-23,1,C (22-06),L2,NEC-D30,3.0,00:00,1,3002.43
70,2026-07-23,1,C (22-06),L2,NEC-D30,3.0,00:00,2,3008.75
70,2026-07-23,1,C (22-06),L2,NEC-D30,3.0,00:00,3,3020.61
70,2026-07-23,1,C (22-06),L2,NEC-D30,3.0,00:00,4,2998.69
70,2026-07-23,1,C (22-06),L2,NEC-D30,3.0,00:00,5,3002.82
71,2026-07-23,1,C (22-06),L2,NEC-D30,3.0,02:00,1,3013.23
71,2026-07-23,1,C (22-06),L2,NEC-D30,3.0,02:00,2,3020.58
71,2026-07-23,1,C (22-06),L2,NEC-D30,3.0,02:00,3,2995.29
71,2026-07-23,1,C (22-06),L2,NEC-D30,3.0,02:00,4,3011.91
71,2026-07-23,1,C (22-06),L2,NEC-D30,3.0,02:00,5,3011.4
72,2026-07-23,1,C (22-06),L2,NEC-D30,3.0,04:00,1,3006.92
72,2026-07-23,1,C (22-06),L2,NEC-D30,3.0,04:00,2,3020.01
72,2026-07-23,1,C (22-06),L2,NEC-D30,3.0,04:00,3,2996.13
72,2026-07-23,1,C (22-06),L2,NEC-D30,3.0,04:00,4,3027.2
72,2026-07-23,1,C (22-06),L2,NEC-D30,3.0,04:00,5,3000.82
73,2026-07-24,1,A (06-14),L2,CIT-L15,1.5,06:00,1,1500.78
73,2026-07-24,1,A (06-14),L2,CIT-L15,1.5,06:00,2,1505.66
73,2026-07-24,1,A (06-14),L2,CIT-L15,1.5,06:00,3,1503.91
73,2026-07-24,1,A (06-14),L2,CIT-L15,1.5,06:00,4,1512.28
73,2026-07-24,1,A (06-14),L2,CIT-L15,1.5,06:00,5,1499.42
74,2026-07-24,1,A (06-14),L2,CIT-L15,1.5,08:00,1,1505.85
74,2026-07-24,1,A (06-14),L2,CIT-L15,1.5,08:00,2,1501.29
74,2026-07-24,1,A (06-14),L2,CIT-L15,1.5,08:00,3,1491.53
74,2026-07-24,1,A (06-14),L2,CIT-L15,1.5,08:00,4,1508.96
74,2026-07-24,1,A (06-14),L2,CIT-L15,1.5,08:00,5,1503.08
75,2026-07-24,1,A (06-14),L2,CIT-L15,1.5,10:00,1,1501.84
75,2026-07-24,1,A (06-14),L2,CIT-L15,1.5,10:00,2,1499.05
75,2026-07-24,1,A (06-14),L2,CIT-L15,1.5,10:00,3,1501.66
75,2026-07-24,1,A (06-14),L2,CIT-L15,1.5,10:00,4,1502.79
75,2026-07-24,1,A (06-14),L2,CIT-L15,1.5,10:00,5,1503.89
76,2026-07-24,1,A (06-14),L2,CIT-L15,1.5,12:00,1,1495.84
76,2026-07-24,1,A (06-14),L2,CIT-L15,1.5,12:00,2,1507.74
76,2026-07-24,1,A (06-14),L2,CIT-L15,1.5,12:00,3,1501.69
76,2026-07-24,1,A (06-14),L2,CIT-L15,1.5,12:00,4,1505.99
76,2026-07-24,1,A (06-14),L2,CIT-L15,1.5,12:00,5,1499.17
77,2026-07-24,1,B (14-22),L2,NEC-D30,3.0,14:00,1,3017.36
77,2026-07-24,1,B (14-22),L2,NEC-D30,3.0,14:00,2,3012.2
77,2026-07-24,1,B (14-22),L2,NEC-D30,3.0,14:00,3,3018.07
77,2026-07-24,1,B (14-22),L2,NEC-D30,3.0,14:00,4,3004.58
77,2026-07-24,1,B (14-22),L2,NEC-D30,3.0,14:00,5,3008.72
78,2026-07-24,1,B (14-22),L2,NEC-D30,3.0,16:00,1,3014.26
78,2026-07-24,1,B (14-22),L2,NEC-D30,3.0,16:00,2,3005.01
78,2026-07-24,1,B (14-22),L2,NEC-D30,3.0,16:00,3,3006.67
78,2026-07-24,1,B (14-22),L2,NEC-D30,3.0,16:00,4,3012.69
78,2026-07-24,1,B (14-22),L2,NEC-D30,3.0,16:00,5,2999.85
79,2026-07-24,1,B (14-22),L2,NEC-D30,3.0,18:00,1,3005.71
79,2026-07-24,1,B (14-22),L2,NEC-D30,3.0,18:00,2,3012.12
79,2026-07-24,1,B (14-22),L2,NEC-D30,3.0,18:00,3,3019.12
79,2026-07-24,1,B (14-22),L2,NEC-D30,3.0,18:00,4,3005.66
79,2026-07-24,1,B (14-22),L2,NEC-D30,3.0,18:00,5,2989.87
80,2026-07-24,1,B (14-22),L2,NEC-D30,3.0,20:00,1,3014.76
80,2026-07-24,1,B (14-22),L2,NEC-D30,3.0,20:00,2,2991.08
80,2026-07-24,1,B (14-22),L2,NEC-D30,3.0,20:00,3,3003.51
80,2026-07-24,1,B (14-22),L2,NEC-D30,3.0,20:00,4,3020.03
80,2026-07-24,1,B (14-22),L2,NEC-D30,3.0,20:00,5,3003.49
81,2026-07-24,1,C (22-06),L2,NEC-D30,3.0,22:00,1,3012.25
81,2026-07-24,1,C (22-06),L2,NEC-D30,3.0,22:00,2,2992.22
81,2026-07-24,1,C (22-06),L2,NEC-D30,3.0,22:00,3,3012.72
81,2026-07-24,1,C (22-06),L2,NEC-D30,3.0,22:00,4,3005.92
81,2026-07-24,1,C (22-06),L2,NEC-D30,3.0,22:00,5,3015.01
82,2026-07-24,1,C (22-06),L2,NEC-D30,3.0,00:00,1,3025.03
82,2026-07-24,1,C (22-06),L2,NEC-D30,3.0,00:00,2,3008.24
82,2026-07-24,1,C (22-06),L2,NEC-D30,3.0,00:00,3,3005.11
82,2026-07-24,1,C (22-06),L2,NEC-D30,3.0,00:00,4,3008.12
82,2026-07-24,1,C (22-06),L2,NEC-D30,3.0,00:00,5,3005.14
83,2026-07-24,1,C (22-06),L2,NEC-D30,3.0,02:00,1,3017.49
83,2026-07-24,1,C (22-06),L2,NEC-D30,3.0,02:00,2,2997.03
83,2026-07-24,1,C (22-06),L2,NEC-D30,3.0,02:00,3,3006.82
83,2026-07-24,1,C (22-06),L2,NEC-D30,3.0,02:00,4,3022.93
83,2026-07-24,1,C (22-06),L2,NEC-D30,3.0,02:00,5,3018.04
84,2026-07-24,1,C (22-06),L2,NEC-D30,3.0,04:00,1,3018.0
84,2026-07-24,1,C (22-06),L2,NEC-D30,3.0,04:00,2,3015.73
84,2026-07-24,1,C (22-06),L2,NEC-D30,3.0,04:00,3,3007.01
84,2026-07-24,1,C (22-06),L2,NEC-D30,3.0,04:00,4,3007.14
84,2026-07-24,1,C (22-06),L2,NEC-D30,3.0,04:00,5,3026.84
85,2026-07-27,2,A (06-14),L1,NEC-D05,0.5,06:00,1,502.77
85,2026-07-27,2,A (06-14),L1,NEC-D05,0.5,06:00,2,503.39
85,2026-07-27,2,A (06-14),L1,NEC-D05,0.5,06:00,3,502.07
85,2026-07-27,2,A (06-14),L1,NEC-D05,0.5,06:00,4,500.4
85,2026-07-27,2,A (06-14),L1,NEC-D05,0.5,06:00,5,504.34
86,2026-07-27,2,A (06-14),L1,NEC-D05,0.5,08:00,1,500.13
86,2026-07-27,2,A (06-14),L1,NEC-D05,0.5,08:00,2,505.23
86,2026-07-27,2,A (06-14),L1,NEC-D05,0.5,08:00,3,504.57
86,2026-07-27,2,A (06-14),L1,NEC-D05,0.5,08:00,4,502.35
86,2026-07-27,2,A (06-14),L1,NEC-D05,0.5,08:00,5,502.26
87,2026-07-27,2,A (06-14),L1,NEC-D05,0.5,10:00,1,503.32
87,2026-07-27,2,A (06-14),L1,NEC-D05,0.5,10:00,2,500.02
87,2026-07-27,2,A (06-14),L1,NEC-D05,0.5,10:00,3,503.97
87,2026-07-27,2,A (06-14),L1,NEC-D05,0.5,10:00,4,501.79
87,2026-07-27,2,A (06-14),L1,NEC-D05,0.5,10:00,5,504.78
88,2026-07-27,2,A (06-14),L1,NEC-D05,0.5,12:00,1,502.28
88,2026-07-27,2,A (06-14),L1,NEC-D05,0.5,12:00,2,504.15
88,2026-07-27,2,A (06-14),L1,NEC-D05,0.5,12:00,3,503.52
88,2026-07-27,2,A (06-14),L1,NEC-D05,0.5,12:00,4,503.66
88,2026-07-27,2,A (06-14),L1,NEC-D05,0.5,12:00,5,502.95
89,2026-07-27,2,B (14-22),L1,CIT-L05,0.5,14:00,1,503.4
89,2026-07-27,2,B (14-22),L1,CIT-L05,0.5,14:00,2,502.61
89,2026-07-27,2,B (14-22),L1,CIT-L05,0.5,14:00,3,499.18
89,2026-07-27,2,B (14-22),L1,CIT-L05,0.5,14:00,4,502.75
89,2026-07-27,2,B (14-22),L1,CIT-L05,0.5,14:00,5,505.9
90,2026-07-27,2,B (14-22),L1,CIT-L05,0.5,16:00,1,504.37
90,2026-07-27,2,B (14-22),L1,CIT-L05,0.5,16:00,2,503.16
90,2026-07-27,2,B (14-22),L1,CIT-L05,0.5,16:00,3,505.35
90,2026-07-27,2,B (14-22),L1,CIT-L05,0.5,16:00,4,502.47
90,2026-07-27,2,B (14-22),L1,CIT-L05,0.5,16:00,5,499.09
91,2026-07-27,2,B (14-22),L1,CIT-L05,0.5,18:00,1,503.11
91,2026-07-27,2,B (14-22),L1,CIT-L05,0.5,18:00,2,505.88
91,2026-07-27,2,B (14-22),L1,CIT-L05,0.5,18:00,3,503.77
91,2026-07-27,2,B (14-22),L1,CIT-L05,0.5,18:00,4,503.81
91,2026-07-27,2,B (14-22),L1,CIT-L05,0.5,18:00,5,500.08
92,2026-07-27,2,B (14-22),L1,CIT-L05,0.5,20:00,1,503.56
92,2026-07-27,2,B (14-22),L1,CIT-L05,0.5,20:00,2,503.12
92,2026-07-27,2,B (14-22),L1,CIT-L05,0.5,20:00,3,506.54
92,2026-07-27,2,B (14-22),L1,CIT-L05,0.5,20:00,4,505.03
92,2026-07-27,2,B (14-22),L1,CIT-L05,0.5,20:00,5,496.48
93,2026-07-28,2,A (06-14),L1,FUN-B05,0.5,06:00,1,501.42
93,2026-07-28,2,A (06-14),L1,FUN-B05,0.5,06:00,2,501.82
93,2026-07-28,2,A (06-14),L1,FUN-B05,0.5,06:00,3,498.48
93,2026-07-28,2,A (06-14),L1,FUN-B05,0.5,06:00,4,501.12
93,2026-07-28,2,A (06-14),L1,FUN-B05,0.5,06:00,5,504.36
94,2026-07-28,2,A (06-14),L1,FUN-B05,0.5,08:00,1,502.13
94,2026-07-28,2,A (06-14),L1,FUN-B05,0.5,08:00,2,501.18
94,2026-07-28,2,A (06-14),L1,FUN-B05,0.5,08:00,3,502.78
94,2026-07-28,2,A (06-14),L1,FUN-B05,0.5,08:00,4,503.92
94,2026-07-28,2,A (06-14),L1,FUN-B05,0.5,08:00,5,507.16
95,2026-07-28,2,A (06-14),L1,FUN-B05,0.5,10:00,1,499.12
95,2026-07-28,2,A (06-14),L1,FUN-B05,0.5,10:00,2,503.29
95,2026-07-28,2,A (06-14),L1,FUN-B05,0.5,10:00,3,502.42
95,2026-07-28,2,A (06-14),L1,FUN-B05,0.5,10:00,4,502.94
95,2026-07-28,2,A (06-14),L1,FUN-B05,0.5,10:00,5,500.84
96,2026-07-28,2,A (06-14),L1,FUN-B05,0.5,12:00,1,500.36
96,2026-07-28,2,A (06-14),L1,FUN-B05,0.5,12:00,2,503.68
96,2026-07-28,2,A (06-14),L1,FUN-B05,0.5,12:00,3,504.94
96,2026-07-28,2,A (06-14),L1,FUN-B05,0.5,12:00,4,502.57
96,2026-07-28,2,A (06-14),L1,FUN-B05,0.5,12:00,5,501.71
97,2026-07-28,2,B (14-22),L1,FUN-B05,0.5,14:00,1,497.87
97,2026-07-28,2,B (14-22),L1,FUN-B05,0.5,14:00,2,503.93
97,2026-07-28,2,B (14-22),L1,FUN-B05,0.5,14:00,3,502.77
97,2026-07-28,2,B (14-22),L1,FUN-B05,0.5,14:00,4,505.02
97,2026-07-28,2,B (14-22),L1,FUN-B05,0.5,14:00,5,503.83
98,2026-07-28,2,B (14-22),L1,FUN-B05,0.5,16:00,1,506.26
98,2026-07-28,2,B (14-22),L1,FUN-B05,0.5,16:00,2,508.34
98,2026-07-28,2,B (14-22),L1,FUN-B05,0.5,16:00,3,503.49
98,2026-07-28,2,B (14-22),L1,FUN-B05,0.5,16:00,4,503.32
98,2026-07-28,2,B (14-22),L1,FUN-B05,0.5,16:00,5,504.14
99,2026-07-28,2,B (14-22),L1,FUN-B05,0.5,18:00,1,500.62
99,2026-07-28,2,B (14-22),L1,FUN-B05,0.5,18:00,2,503.62
99,2026-07-28,2,B (14-22),L1,FUN-B05,0.5,18:00,3,500.15
99,2026-07-28,2,B (14-22),L1,FUN-B05,0.5,18:00,4,503.23
99,2026-07-28,2,B (14-22),L1,FUN-B05,0.5,18:00,5,499.7
100,2026-07-28,2,B (14-22),L1,FUN-B05,0.5,20:00,1,505.65
100,2026-07-28,2,B (14-22),L1,FUN-B05,0.5,20:00,2,503.38
100,2026-07-28,2,B (14-22),L1,FUN-B05,0.5,20:00,3,504.78
100,2026-07-28,2,B (14-22),L1,FUN-B05,0.5,20:00,4,500.5
100,2026-07-28,2,B (14-22),L1,FUN-B05,0.5,20:00,5,504.27
101,2026-07-29,2,A (06-14),L1,FUN-B05,0.5,06:00,1,504.39
101,2026-07-29,2,A (06-14),L1,FUN-B05,0.5,06:00,2,505.74
101,2026-07-29,2,A (06-14),L1,FUN-B05,0.5,06:00,3,499.65
101,2026-07-29,2,A (06-14),L1,FUN-B05,0.5,06:00,4,504.65
101,2026-07-29,2,A (06-14),L1,FUN-B05,0.5,06:00,5,505.11
102,2026-07-29,2,A (06-14),L1,FUN-B05,0.5,08:00,1,502.09
102,2026-07-29,2,A (06-14),L1,FUN-B05,0.5,08:00,2,502.51
102,2026-07-29,2,A (06-14),L1,FUN-B05,0.5,08:00,3,499.43
102,2026-07-29,2,A (06-14),L1,FUN-B05,0.5,08:00,4,501.4
102,2026-07-29,2,A (06-14),L1,FUN-B05,0.5,08:00,5,500.79
103,2026-07-29,2,A (06-14),L1,FUN-B05,0.5,10:00,1,500.99
103,2026-07-29,2,A (06-14),L1,FUN-B05,0.5,10:00,2,500.78
103,2026-07-29,2,A (06-14),L1,FUN-B05,0.5,10:00,3,500.12
103,2026-07-29,2,A (06-14),L1,FUN-B05,0.5,10:00,4,503.95
103,2026-07-29,2,A (06-14),L1,FUN-B05,0.5,10:00,5,503.2
104,2026-07-29,2,A (06-14),L1,FUN-B05,0.5,12:00,1,503.54
104,2026-07-29,2,A (06-14),L1,FUN-B05,0.5,12:00,2,500.75
104,2026-07-29,2,A (06-14),L1,FUN-B05,0.5,12:00,3,503.19
104,2026-07-29,2,A (06-14),L1,FUN-B05,0.5,12:00,4,500.77
104,2026-07-29,2,A (06-14),L1,FUN-B05,0.5,12:00,5,503.19
105,2026-07-29,2,B (14-22),L1,CIT-L05,0.5,14:00,1,503.7
105,2026-07-29,2,B (14-22),L1,CIT-L05,0.5,14:00,2,502.67
105,2026-07-29,2,B (14-22),L1,CIT-L05,0.5,14:00,3,501.62
105,2026-07-29,2,B (14-22),L1,CIT-L05,0.5,14:00,4,503.26
105,2026-07-29,2,B (14-22),L1,CIT-L05,0.5,14:00,5,505.29
106,2026-07-29,2,B (14-22),L1,CIT-L05,0.5,16:00,1,508.09
106,2026-07-29,2,B (14-22),L1,CIT-L05,0.5,16:00,2,502.03
106,2026-07-29,2,B (14-22),L1,CIT-L05,0.5,16:00,3,500.34
106,2026-07-29,2,B (14-22),L1,CIT-L05,0.5,16:00,4,502.66
106,2026-07-29,2,B (14-22),L1,CIT-L05,0.5,16:00,5,502.7
107,2026-07-29,2,B (14-22),L1,CIT-L05,0.5,18:00,1,505.76
107,2026-07-29,2,B (14-22),L1,CIT-L05,0.5,18:00,2,500.11
107,2026-07-29,2,B (14-22),L1,CIT-L05,0.5,18:00,3,501.7
107,2026-07-29,2,B (14-22),L1,CIT-L05,0.5,18:00,4,504.83
107,2026-07-29,2,B (14-22),L1,CIT-L05,0.5,18:00,5,504.82
108,2026-07-29,2,B (14-22),L1,CIT-L05,0.5,20:00,1,505.95
108,2026-07-29,2,B (14-22),L1,CIT-L05,0.5,20:00,2,499.86
108,2026-07-29,2,B (14-22),L1,CIT-L05,0.5,20:00,3,503.09
108,2026-07-29,2,B (14-22),L1,CIT-L05,0.5,20:00,4,502.61
108,2026-07-29,2,B (14-22),L1,CIT-L05,0.5,20:00,5,501.2
109,2026-07-27,2,A (06-14),L2,NEC-D15,1.5,06:00,1,1511.58
109,2026-07-27,2,A (06-14),L2,NEC-D15,1.5,06:00,2,1503.62
109,2026-07-27,2,A (06-14),L2,NEC-D15,1.5,06:00,3,1506.88
109,2026-07-27,2,A (06-14),L2,NEC-D15,1.5,06:00,4,1506.47
109,2026-07-27,2,A (06-14),L2,NEC-D15,1.5,06:00,5,1500.08
110,2026-07-27,2,A (06-14),L2,NEC-D15,1.5,08:00,1,1500.22
110,2026-07-27,2,A (06-14),L2,NEC-D15,1.5,08:00,2,1501.17
110,2026-07-27,2,A (06-14),L2,NEC-D15,1.5,08:00,3,1505.46
110,2026-07-27,2,A (06-14),L2,NEC-D15,1.5,08:00,4,1512.52
110,2026-07-27,2,A (06-14),L2,NEC-D15,1.5,08:00,5,1501.45
111,2026-07-27,2,A (06-14),L2,NEC-D15,1.5,10:00,1,1503.37
111,2026-07-27,2,A (06-14),L2,NEC-D15,1.5,10:00,2,1508.67
111,2026-07-27,2,A (06-14),L2,NEC-D15,1.5,10:00,3,1498.33
111,2026-07-27,2,A (06-14),L2,NEC-D15,1.5,10:00,4,1498.86
111,2026-07-27,2,A (06-14),L2,NEC-D15,1.5,10:00,5,1502.39
112,2026-07-27,2,A (06-14),L2,NEC-D15,1.5,12:00,1,1500.99
112,2026-07-27,2,A (06-14),L2,NEC-D15,1.5,12:00,2,1503.74
112,2026-07-27,2,A (06-14),L2,NEC-D15,1.5,12:00,3,1504.36
112,2026-07-27,2,A (06-14),L2,NEC-D15,1.5,12:00,4,1499.98
112,2026-07-27,2,A (06-14),L2,NEC-D15,1.5,12:00,5,1505.71
113,2026-07-27,2,B (14-22),L2,CIT-L30,3.0,14:00,1,3007.8
113,2026-07-27,2,B (14-22),L2,CIT-L30,3.0,14:00,2,3014.28
113,2026-07-27,2,B (14-22),L2,CIT-L30,3.0,14:00,3,3013.85
113,2026-07-27,2,B (14-22),L2,CIT-L30,3.0,14:00,4,2994.01
113,2026-07-27,2,B (14-22),L2,CIT-L30,3.0,14:00,5,3006.28
114,2026-07-27,2,B (14-22),L2,CIT-L30,3.0,16:00,1,3007.86
114,2026-07-27,2,B (14-22),L2,CIT-L30,3.0,16:00,2,3003.56
114,2026-07-27,2,B (14-22),L2,CIT-L30,3.0,16:00,3,3016.01
114,2026-07-27,2,B (14-22),L2,CIT-L30,3.0,16:00,4,3004.07
114,2026-07-27,2,B (14-22),L2,CIT-L30,3.0,16:00,5,3001.91
115,2026-07-27,2,B (14-22),L2,CIT-L30,3.0,18:00,1,3000.88
115,2026-07-27,2,B (14-22),L2,CIT-L30,3.0,18:00,2,3007.9
115,2026-07-27,2,B (14-22),L2,CIT-L30,3.0,18:00,3,3006.73
115,2026-07-27,2,B (14-22),L2,CIT-L30,3.0,18:00,4,3002.87
115,2026-07-27,2,B (14-22),L2,CIT-L30,3.0,18:00,5,3002.77
116,2026-07-27,2,B (14-22),L2,CIT-L30,3.0,20:00,1,3011.44
116,2026-07-27,2,B (14-22),L2,CIT-L30,3.0,20:00,2,2998.49
116,2026-07-27,2,B (14-22),L2,CIT-L30,3.0,20:00,3,3001.13
116,2026-07-27,2,B (14-22),L2,CIT-L30,3.0,20:00,4,3017.62
116,2026-07-27,2,B (14-22),L2,CIT-L30,3.0,20:00,5,3000.46
117,2026-07-27,2,C (22-06),L2,CIT-L30,3.0,22:00,1,3024.74
117,2026-07-27,2,C (22-06),L2,CIT-L30,3.0,22:00,2,3002.45
117,2026-07-27,2,C (22-06),L2,CIT-L30,3.0,22:00,3,3001.97
117,2026-07-27,2,C (22-06),L2,CIT-L30,3.0,22:00,4,3013.53
117,2026-07-27,2,C (22-06),L2,CIT-L30,3.0,22:00,5,3004.11
118,2026-07-27,2,C (22-06),L2,CIT-L30,3.0,00:00,1,3013.4
118,2026-07-27,2,C (22-06),L2,CIT-L30,3.0,00:00,2,3020.96
118,2026-07-27,2,C (22-06),L2,CIT-L30,3.0,00:00,3,2997.76
118,2026-07-27,2,C (22-06),L2,CIT-L30,3.0,00:00,4,2989.11
118,2026-07-27,2,C (22-06),L2,CIT-L30,3.0,00:00,5,3008.21
119,2026-07-27,2,C (22-06),L2,CIT-L30,3.0,02:00,1,3016.54
119,2026-07-27,2,C (22-06),L2,CIT-L30,3.0,02:00,2,3007.14
119,2026-07-27,2,C (22-06),L2,CIT-L30,3.0,02:00,3,3013.11
119,2026-07-27,2,C (22-06),L2,CIT-L30,3.0,02:00,4,3015.99
119,2026-07-27,2,C (22-06),L2,CIT-L30,3.0,02:00,5,3011.71
120,2026-07-27,2,C (22-06),L2,CIT-L30,3.0,04:00,1,3010.62
120,2026-07-27,2,C (22-06),L2,CIT-L30,3.0,04:00,2,3001.0
120,2026-07-27,2,C (22-06),L2,CIT-L30,3.0,04:00,3,2990.92
120,2026-07-27,2,C (22-06),L2,CIT-L30,3.0,04:00,4,2997.86
120,2026-07-27,2,C (22-06),L2,CIT-L30,3.0,04:00,5,2999.9
121,2026-07-28,2,A (06-14),L2,NEC-D15,1.5,06:00,1,1509.46
121,2026-07-28,2,A (06-14),L2,NEC-D15,1.5,06:00,2,1504.84
121,2026-07-28,2,A (06-14),L2,NEC-D15,1.5,06:00,3,1499.65
121,2026-07-28,2,A (06-14),L2,NEC-D15,1.5,06:00,4,1498.56
121,2026-07-28,2,A (06-14),L2,NEC-D15,1.5,06:00,5,1505.79
122,2026-07-28,2,A (06-14),L2,NEC-D15,1.5,08:00,1,1501.39
122,2026-07-28,2,A (06-14),L2,NEC-D15,1.5,08:00,2,1497.76
122,2026-07-28,2,A (06-14),L2,NEC-D15,1.5,08:00,3,1506.14
122,2026-07-28,2,A (06-14),L2,NEC-D15,1.5,08:00,4,1499.43
122,2026-07-28,2,A (06-14),L2,NEC-D15,1.5,08:00,5,1501.53
123,2026-07-28,2,A (06-14),L2,NEC-D15,1.5,10:00,1,1499.64
123,2026-07-28,2,A (06-14),L2,NEC-D15,1.5,10:00,2,1497.98
123,2026-07-28,2,A (06-14),L2,NEC-D15,1.5,10:00,3,1506.05
123,2026-07-28,2,A (06-14),L2,NEC-D15,1.5,10:00,4,1516.78
123,2026-07-28,2,A (06-14),L2,NEC-D15,1.5,10:00,5,1502.44
124,2026-07-28,2,A (06-14),L2,NEC-D15,1.5,12:00,1,1504.06
124,2026-07-28,2,A (06-14),L2,NEC-D15,1.5,12:00,2,1504.1
124,2026-07-28,2,A (06-14),L2,NEC-D15,1.5,12:00,3,1512.13
124,2026-07-28,2,A (06-14),L2,NEC-D15,1.5,12:00,4,1499.14
124,2026-07-28,2,A (06-14),L2,NEC-D15,1.5,12:00,5,1503.26
125,2026-07-28,2,B (14-22),L2,CIT-L30,3.0,14:00,1,3013.73
125,2026-07-28,2,B (14-22),L2,CIT-L30,3.0,14:00,2,3003.46
125,2026-07-28,2,B (14-22),L2,CIT-L30,3.0,14:00,3,3002.97
125,2026-07-28,2,B (14-22),L2,CIT-L30,3.0,14:00,4,3002.67
125,2026-07-28,2,B (14-22),L2,CIT-L30,3.0,14:00,5,3013.99
126,2026-07-28,2,B (14-22),L2,CIT-L30,3.0,16:00,1,2998.8
126,2026-07-28,2,B (14-22),L2,CIT-L30,3.0,16:00,2,3011.81
126,2026-07-28,2,B (14-22),L2,CIT-L30,3.0,16:00,3,3021.67
126,2026-07-28,2,B (14-22),L2,CIT-L30,3.0,16:00,4,3018.74
126,2026-07-28,2,B (14-22),L2,CIT-L30,3.0,16:00,5,2995.76
127,2026-07-28,2,B (14-22),L2,CIT-L30,3.0,18:00,1,2994.53
127,2026-07-28,2,B (14-22),L2,CIT-L30,3.0,18:00,2,2999.44
127,2026-07-28,2,B (14-22),L2,CIT-L30,3.0,18:00,3,3016.95
127,2026-07-28,2,B (14-22),L2,CIT-L30,3.0,18:00,4,2996.66
127,2026-07-28,2,B (14-22),L2,CIT-L30,3.0,18:00,5,3017.82
128,2026-07-28,2,B (14-22),L2,CIT-L30,3.0,20:00,1,3014.26
128,2026-07-28,2,B (14-22),L2,CIT-L30,3.0,20:00,2,3004.01
128,2026-07-28,2,B (14-22),L2,CIT-L30,3.0,20:00,3,3017.0
128,2026-07-28,2,B (14-22),L2,CIT-L30,3.0,20:00,4,3025.12
128,2026-07-28,2,B (14-22),L2,CIT-L30,3.0,20:00,5,3021.5
129,2026-07-28,2,C (22-06),L2,NEC-D15,1.5,22:00,1,1507.29
129,2026-07-28,2,C (22-06),L2,NEC-D15,1.5,22:00,2,1512.7
129,2026-07-28,2,C (22-06),L2,NEC-D15,1.5,22:00,3,1515.75
129,2026-07-28,2,C (22-06),L2,NEC-D15,1.5,22:00,4,1516.47
129,2026-07-28,2,C (22-06),L2,NEC-D15,1.5,22:00,5,1516.55
130,2026-07-28,2,C (22-06),L2,NEC-D15,1.5,00:00,1,1504.04
130,2026-07-28,2,C (22-06),L2,NEC-D15,1.5,00:00,2,1506.81
130,2026-07-28,2,C (22-06),L2,NEC-D15,1.5,00:00,3,1506.02
130,2026-07-28,2,C (22-06),L2,NEC-D15,1.5,00:00,4,1503.09
130,2026-07-28,2,C (22-06),L2,NEC-D15,1.5,00:00,5,1513.82
131,2026-07-28,2,C (22-06),L2,NEC-D15,1.5,02:00,1,1498.71
131,2026-07-28,2,C (22-06),L2,NEC-D15,1.5,02:00,2,1508.47
131,2026-07-28,2,C (22-06),L2,NEC-D15,1.5,02:00,3,1506.64
131,2026-07-28,2,C (22-06),L2,NEC-D15,1.5,02:00,4,1496.34
131,2026-07-28,2,C (22-06),L2,NEC-D15,1.5,02:00,5,1508.65
132,2026-07-28,2,C (22-06),L2,NEC-D15,1.5,04:00,1,1506.96
132,2026-07-28,2,C (22-06),L2,NEC-D15,1.5,04:00,2,1503.15
132,2026-07-28,2,C (22-06),L2,NEC-D15,1.5,04:00,3,1500.62
132,2026-07-28,2,C (22-06),L2,NEC-D15,1.5,04:00,4,1512.96
132,2026-07-28,2,C (22-06),L2,NEC-D15,1.5,04:00,5,1505.4
133,2026-07-29,2,A (06-14),L2,CIT-L15,1.5,06:00,1,1501.21
133,2026-07-29,2,A (06-14),L2,CIT-L15,1.5,06:00,2,1502.01
133,2026-07-29,2,A (06-14),L2,CIT-L15,1.5,06:00,3,1502.9
133,2026-07-29,2,A (06-14),L2,CIT-L15,1.5,06:00,4,1504.46
133,2026-07-29,2,A (06-14),L2,CIT-L15,1.5,06:00,5,1498.59
134,2026-07-29,2,A (06-14),L2,CIT-L15,1.5,08:00,1,1501.59
134,2026-07-29,2,A (06-14),L2,CIT-L15,1.5,08:00,2,1505.94
134,2026-07-29,2,A (06-14),L2,CIT-L15,1.5,08:00,3,1495.85
134,2026-07-29,2,A (06-14),L2,CIT-L15,1.5,08:00,4,1502.01
134,2026-07-29,2,A (06-14),L2,CIT-L15,1.5,08:00,5,1505.22
135,2026-07-29,2,A (06-14),L2,CIT-L15,1.5,10:00,1,1494.1
135,2026-07-29,2,A (06-14),L2,CIT-L15,1.5,10:00,2,1501.41
135,2026-07-29,2,A (06-14),L2,CIT-L15,1.5,10:00,3,1498.02
135,2026-07-29,2,A (06-14),L2,CIT-L15,1.5,10:00,4,1506.38
135,2026-07-29,2,A (06-14),L2,CIT-L15,1.5,10:00,5,1502.73
136,2026-07-29,2,A (06-14),L2,CIT-L15,1.5,12:00,1,1500.84
136,2026-07-29,2,A (06-14),L2,CIT-L15,1.5,12:00,2,1500.22
136,2026-07-29,2,A (06-14),L2,CIT-L15,1.5,12:00,3,1501.49
136,2026-07-29,2,A (06-14),L2,CIT-L15,1.5,12:00,4,1501.02
136,2026-07-29,2,A (06-14),L2,CIT-L15,1.5,12:00,5,1506.32
137,2026-07-29,2,B (14-22),L2,CIT-L15,1.5,14:00,1,1502.95
137,2026-07-29,2,B (14-22),L2,CIT-L15,1.5,14:00,2,1506.52
137,2026-07-29,2,B (14-22),L2,CIT-L15,1.5,14:00,3,1503.29
137,2026-07-29,2,B (14-22),L2,CIT-L15,1.5,14:00,4,1504.04
137,2026-07-29,2,B (14-22),L2,CIT-L15,1.5,14:00,5,1494.31
138,2026-07-29,2,B (14-22),L2,CIT-L15,1.5,16:00,1,1497.87
138,2026-07-29,2,B (14-22),L2,CIT-L15,1.5,16:00,2,1504.1
138,2026-07-29,2,B (14-22),L2,CIT-L15,1.5,16:00,3,1506.43
138,2026-07-29,2,B (14-22),L2,CIT-L15,1.5,16:00,4,1504.06
138,2026-07-29,2,B (14-22),L2,CIT-L15,1.5,16:00,5,1512.27
139,2026-07-29,2,B (14-22),L2,CIT-L15,1.5,18:00,1,1508.6
139,2026-07-29,2,B (14-22),L2,CIT-L15,1.5,18:00,2,1494.16
139,2026-07-29,2,B (14-22),L2,CIT-L15,1.5,18:00,3,1497.68
139,2026-07-29,2,B (14-22),L2,CIT-L15,1.5,18:00,4,1497.76
139,2026-07-29,2,B (14-22),L2,CIT-L15,1.5,18:00,5,1502.4
140,2026-07-29,2,B (14-22),L2,CIT-L15,1.5,20:00,1,1498.31
140,2026-07-29,2,B (14-22),L2,CIT-L15,1.5,20:00,2,1500.4
140,2026-07-29,2,B (14-22),L2,CIT-L15,1.5,20:00,3,1503.88
140,2026-07-29,2,B (14-22),L2,CIT-L15,1.5,20:00,4,1515.7
140,2026-07-29,2,B (14-22),L2,CIT-L15,1.5,20:00,5,1496.9
141,2026-07-29,2,C (22-06),L2,FUN-B30,3.0,22:00,1,3011.92
141,2026-07-29,2,C (22-06),L2,FUN-B30,3.0,22:00,2,3008.39
141,2026-07-29,2,C (22-06),L2,FUN-B30,3.0,22:00,3,3002.3
141,2026-07-29,2,C (22-06),L2,FUN-B30,3.0,22:00,4,3009.99
141,2026-07-29,2,C (22-06),L2,FUN-B30,3.0,22:00,5,3002.19
142,2026-07-29,2,C (22-06),L2,FUN-B30,3.0,00:00,1,3024.99
142,2026-07-29,2,C (22-06),L2,FUN-B30,3.0,00:00,2,3015.43
142,2026-07-29,2,C (22-06),L2,FUN-B30,3.0,00:00,3,3009.53
142,2026-07-29,2,C (22-06),L2,FUN-B30,3.0,00:00,4,3022.66
142,2026-07-29,2,C (22-06),L2,FUN-B30,3.0,00:00,5,2994.34
143,2026-07-29,2,C (22-06),L2,FUN-B30,3.0,02:00,1,3003.4
143,2026-07-29,2,C (22-06),L2,FUN-B30,3.0,02:00,2,3018.18
143,2026-07-29,2,C (22-06),L2,FUN-B30,3.0,02:00,3,3009.38
143,2026-07-29,2,C (22-06),L2,FUN-B30,3.0,02:00,4,3005.9
143,2026-07-29,2,C (22-06),L2,FUN-B30,3.0,02:00,5,3009.22
144,2026-07-29,2,C (22-06),L2,FUN-B30,3.0,04:00,1,3006.41
144,2026-07-29,2,C (22-06),L2,FUN-B30,3.0,04:00,2,3007.15
144,2026-07-29,2,C (22-06),L2,FUN-B30,3.0,04:00,3,3003.88
144,2026-07-29,2,C (22-06),L2,FUN-B30,3.0,04:00,4,3019.46
144,2026-07-29,2,C (22-06),L2,FUN-B30,3.0,04:00,5,3035.86
145,2026-07-30,2,A (06-14),L2,CIT-L30,3.0,06:00,1,3015.2
145,2026-07-30,2,A (06-14),L2,CIT-L30,3.0,06:00,2,3007.9
145,2026-07-30,2,A (06-14),L2,CIT-L30,3.0,06:00,3,3014.15
145,2026-07-30,2,A (06-14),L2,CIT-L30,3.0,06:00,4,3008.77
145,2026-07-30,2,A (06-14),L2,CIT-L30,3.0,06:00,5,3006.24
146,2026-07-30,2,A (06-14),L2,CIT-L30,3.0,08:00,1,3011.44
146,2026-07-30,2,A (06-14),L2,CIT-L30,3.0,08:00,2,3001.94
146,2026-07-30,2,A (06-14),L2,CIT-L30,3.0,08:00,3,3014.18
146,2026-07-30,2,A (06-14),L2,CIT-L30,3.0,08:00,4,3009.45
146,2026-07-30,2,A (06-14),L2,CIT-L30,3.0,08:00,5,3013.18
147,2026-07-30,2,A (06-14),L2,CIT-L30,3.0,10:00,1,2993.69
147,2026-07-30,2,A (06-14),L2,CIT-L30,3.0,10:00,2,3008.84
147,2026-07-30,2,A (06-14),L2,CIT-L30,3.0,10:00,3,3006.27
147,2026-07-30,2,A (06-14),L2,CIT-L30,3.0,10:00,4,3014.31
147,2026-07-30,2,A (06-14),L2,CIT-L30,3.0,10:00,5,3013.72
148,2026-07-30,2,A (06-14),L2,CIT-L30,3.0,12:00,1,3015.13
148,2026-07-30,2,A (06-14),L2,CIT-L30,3.0,12:00,2,3012.08
148,2026-07-30,2,A (06-14),L2,CIT-L30,3.0,12:00,3,3008.75
148,2026-07-30,2,A (06-14),L2,CIT-L30,3.0,12:00,4,3009.46
148,2026-07-30,2,A (06-14),L2,CIT-L30,3.0,12:00,5,3003.73
149,2026-07-30,2,B (14-22),L2,FUN-B30,3.0,14:00,1,3011.16
149,2026-07-30,2,B (14-22),L2,FUN-B30,3.0,14:00,2,3002.07
149,2026-07-30,2,B (14-22),L2,FUN-B30,3.0,14:00,3,3005.51
149,2026-07-30,2,B (14-22),L2,FUN-B30,3.0,14:00,4,3013.51
149,2026-07-30,2,B (14-22),L2,FUN-B30,3.0,14:00,5,3019.13
150,2026-07-30,2,B (14-22),L2,FUN-B30,3.0,16:00,1,3021.46
150,2026-07-30,2,B (14-22),L2,FUN-B30,3.0,16:00,2,3000.82
150,2026-07-30,2,B (14-22),L2,FUN-B30,3.0,16:00,3,3015.72
150,2026-07-30,2,B (14-22),L2,FUN-B30,3.0,16:00,4,3007.07
150,2026-07-30,2,B (14-22),L2,FUN-B30,3.0,16:00,5,3007.28
151,2026-07-30,2,B (14-22),L2,FUN-B30,3.0,18:00,1,3000.77
151,2026-07-30,2,B (14-22),L2,FUN-B30,3.0,18:00,2,3006.47
151,2026-07-30,2,B (14-22),L2,FUN-B30,3.0,18:00,3,3001.51
151,2026-07-30,2,B (14-22),L2,FUN-B30,3.0,18:00,4,2999.26
151,2026-07-30,2,B (14-22),L2,FUN-B30,3.0,18:00,5,3007.31
152,2026-07-30,2,B (14-22),L2,FUN-B30,3.0,20:00,1,3003.82
152,2026-07-30,2,B (14-22),L2,FUN-B30,3.0,20:00,2,3011.35
152,2026-07-30,2,B (14-22),L2,FUN-B30,3.0,20:00,3,3007.24
152,2026-07-30,2,B (14-22),L2,FUN-B30,3.0,20:00,4,3016.87
152,2026-07-30,2,B (14-22),L2,FUN-B30,3.0,20:00,5,2998.02
153,2026-07-30,2,C (22-06),L2,FUN-B15,1.5,22:00,1,1506.72
153,2026-07-30,2,C (22-06),L2,FUN-B15,1.5,22:00,2,1504.47
153,2026-07-30,2,C (22-06),L2,FUN-B15,1.5,22:00,3,1510.56
153,2026-07-30,2,C (22-06),L2,FUN-B15,1.5,22:00,4,1506.22
153,2026-07-30,2,C (22-06),L2,FUN-B15,1.5,22:00,5,1500.86
154,2026-07-30,2,C (22-06),L2,FUN-B15,1.5,00:00,1,1514.11
154,2026-07-30,2,C (22-06),L2,FUN-B15,1.5,00:00,2,1506.27
154,2026-07-30,2,C (22-06),L2,FUN-B15,1.5,00:00,3,1500.46
154,2026-07-30,2,C (22-06),L2,FUN-B15,1.5,00:00,4,1504.17
154,2026-07-30,2,C (22-06),L2,FUN-B15,1.5,00:00,5,1503.74
155,2026-07-30,2,C (22-06),L2,FUN-B15,1.5,02:00,1,1505.5
155,2026-07-30,2,C (22-06),L2,FUN-B15,1.5,02:00,2,1519.4
155,2026-07-30,2,C (22-06),L2,FUN-B15,1.5,02:00,3,1503.56
155,2026-07-30,2,C (22-06),L2,FUN-B15,1.5,02:00,4,1498.2
155,2026-07-30,2,C (22-06),L2,FUN-B15,1.5,02:00,5,1499.69
156,2026-07-30,2,C (22-06),L2,FUN-B15,1.5,04:00,1,1505.33
156,2026-07-30,2,C (22-06),L2,FUN-B15,1.5,04:00,2,1511.24
156,2026-07-30,2,C (22-06),L2,FUN-B15,1.5,04:00,3,1504.64
156,2026-07-30,2,C (22-06),L2,FUN-B15,1.5,04:00,4,1506.09
156,2026-07-30,2,C (22-06),L2,FUN-B15,1.5,04:00,5,1507.27
157,2026-07-31,2,A (06-14),L2,FUN-B15,1.5,06:00,1,1513.64
157,2026-07-31,2,A (06-14),L2,FUN-B15,1.5,06:00,2,1506.68
157,2026-07-31,2,A (06-14),L2,FUN-B15,1.5,06:00,3,1508.1
157,2026-07-31,2,A (06-14),L2,FUN-B15,1.5,06:00,4,1503.33
157,2026-07-31,2,A (06-14),L2,FUN-B15,1.5,06:00,5,1494.98
158,2026-07-31,2,A (06-14),L2,FUN-B15,1.5,08:00,1,1501.93
158,2026-07-31,2,A (06-14),L2,FUN-B15,1.5,08:00,2,1495.24
158,2026-07-31,2,A (06-14),L2,FUN-B15,1.5,08:00,3,1503.71
158,2026-07-31,2,A (06-14),L2,FUN-B15,1.5,08:00,4,1500.3
158,2026-07-31,2,A (06-14),L2,FUN-B15,1.5,08:00,5,1504.14
159,2026-07-31,2,A (06-14),L2,FUN-B15,1.5,10:00,1,1502.69
159,2026-07-31,2,A (06-14),L2,FUN-B15,1.5,10:00,2,1505.09
159,2026-07-31,2,A (06-14),L2,FUN-B15,1.5,10:00,3,1503.97
159,2026-07-31,2,A (06-14),L2,FUN-B15,1.5,10:00,4,1501.76
159,2026-07-31,2,A (06-14),L2,FUN-B15,1.5,10:00,5,1506.32
160,2026-07-31,2,A (06-14),L2,FUN-B15,1.5,12:00,1,1509.16
160,2026-07-31,2,A (06-14),L2,FUN-B15,1.5,12:00,2,1510.19
160,2026-07-31,2,A (06-14),L2,FUN-B15,1.5,12:00,3,1505.38
160,2026-07-31,2,A (06-14),L2,FUN-B15,1.5,12:00,4,1505.1
160,2026-07-31,2,A (06-14),L2,FUN-B15,1.5,12:00,5,1496.33
161,2026-07-31,2,B (14-22),L2,FUN-B30,3.0,14:00,1,3014.89
161,2026-07-31,2,B (14-22),L2,FUN-B30,3.0,14:00,2,3004.66
161,2026-07-31,2,B (14-22),L2,FUN-B30,3.0,14:00,3,3010.05
161,2026-07-31,2,B (14-22),L2,FUN-B30,3.0,14:00,4,3017.27
161,2026-07-31,2,B (14-22),L2,FUN-B30,3.0,14:00,5,3009.22
162,2026-07-31,2,B (14-22),L2,FUN-B30,3.0,16:00,1,3001.69
162,2026-07-31,2,B (14-22),L2,FUN-B30,3.0,16:00,2,3003.54
162,2026-07-31,2,B (14-22),L2,FUN-B30,3.0,16:00,3,3000.67
162,2026-07-31,2,B (14-22),L2,FUN-B30,3.0,16:00,4,3016.34
162,2026-07-31,2,B (14-22),L2,FUN-B30,3.0,16:00,5,3007.77
163,2026-07-31,2,B (14-22),L2,FUN-B30,3.0,18:00,1,2997.56
163,2026-07-31,2,B (14-22),L2,FUN-B30,3.0,18:00,2,3012.35
163,2026-07-31,2,B (14-22),L2,FUN-B30,3.0,18:00,3,2996.15
163,2026-07-31,2,B (14-22),L2,FUN-B30,3.0,18:00,4,3004.98
163,2026-07-31,2,B (14-22),L2,FUN-B30,3.0,18:00,5,3012.32
164,2026-07-31,2,B (14-22),L2,FUN-B30,3.0,20:00,1,3012.69
164,2026-07-31,2,B (14-22),L2,FUN-B30,3.0,20:00,2,2996.84
164,2026-07-31,2,B (14-22),L2,FUN-B30,3.0,20:00,3,3007.04
164,2026-07-31,2,B (14-22),L2,FUN-B30,3.0,20:00,4,3006.27
164,2026-07-31,2,B (14-22),L2,FUN-B30,3.0,20:00,5,3004.25
165,2026-07-31,2,C (22-06),L2,FUN-B15,1.5,22:00,1,1497.41
165,2026-07-31,2,C (22-06),L2,FUN-B15,1.5,22:00,2,1511.62
165,2026-07-31,2,C (22-06),L2,FUN-B15,1.5,22:00,3,1510.57
165,2026-07-31,2,C (22-06),L2,FUN-B15,1.5,22:00,4,1512.71
165,2026-07-31,2,C (22-06),L2,FUN-B15,1.5,22:00,5,1496.06
166,2026-07-31,2,C (22-06),L2,FUN-B15,1.5,00:00,1,1507.48
166,2026-07-31,2,C (22-06),L2,FUN-B15,1.5,00:00,2,1506.62
166,2026-07-31,2,C (22-06),L2,FUN-B15,1.5,00:00,3,1505.27
166,2026-07-31,2,C (22-06),L2,FUN-B15,1.5,00:00,4,1505.65
166,2026-07-31,2,C (22-06),L2,FUN-B15,1.5,00:00,5,1506.27
167,2026-07-31,2,C (22-06),L2,FUN-B15,1.5,02:00,1,1504.01
167,2026-07-31,2,C (22-06),L2,FUN-B15,1.5,02:00,2,1520.46
167,2026-07-31,2,C (22-06),L2,FUN-B15,1.5,02:00,3,1513.96
167,2026-07-31,2,C (22-06),L2,FUN-B15,1.5,02:00,4,1518.31
167,2026-07-31,2,C (22-06),L2,FUN-B15,1.5,02:00,5,1496.76
168,2026-07-31,2,C (22-06),L2,FUN-B15,1.5,04:00,1,1502.07
168,2026-07-31,2,C (22-06),L2,FUN-B15,1.5,04:00,2,1500.66
168,2026-07-31,2,C (22-06),L2,FUN-B15,1.5,04:00,3,1512.8
168,2026-07-31,2,C (22-06),L2,FUN-B15,1.5,04:00,4,1516.93
168,2026-07-31,2,C (22-06),L2,FUN-B15,1.5,04:00,5,1508.85
169,2026-08-03,3,A (06-14),L1,NEC-D05,0.5,06:00,1,501.23
169,2026-08-03,3,A (06-14),L1,NEC-D05,0.5,06:00,2,501.98
169,2026-08-03,3,A (06-14),L1,NEC-D05,0.5,06:00,3,501.74
169,2026-08-03,3,A (06-14),L1,NEC-D05,0.5,06:00,4,503.26
169,2026-08-03,3,A (06-14),L1,NEC-D05,0.5,06:00,5,500.15
170,2026-08-03,3,A (06-14),L1,NEC-D05,0.5,08:00,1,504.79
170,2026-08-03,3,A (06-14),L1,NEC-D05,0.5,08:00,2,501.45
170,2026-08-03,3,A (06-14),L1,NEC-D05,0.5,08:00,3,501.01
170,2026-08-03,3,A (06-14),L1,NEC-D05,0.5,08:00,4,503.17
170,2026-08-03,3,A (06-14),L1,NEC-D05,0.5,08:00,5,502.85
171,2026-08-03,3,A (06-14),L1,NEC-D05,0.5,10:00,1,503.74
171,2026-08-03,3,A (06-14),L1,NEC-D05,0.5,10:00,2,503.49
171,2026-08-03,3,A (06-14),L1,NEC-D05,0.5,10:00,3,504.14
171,2026-08-03,3,A (06-14),L1,NEC-D05,0.5,10:00,4,502.62
171,2026-08-03,3,A (06-14),L1,NEC-D05,0.5,10:00,5,500.16
172,2026-08-03,3,A (06-14),L1,NEC-D05,0.5,12:00,1,502.29
172,2026-08-03,3,A (06-14),L1,NEC-D05,0.5,12:00,2,505.83
172,2026-08-03,3,A (06-14),L1,NEC-D05,0.5,12:00,3,500.16
172,2026-08-03,3,A (06-14),L1,NEC-D05,0.5,12:00,4,503.8
172,2026-08-03,3,A (06-14),L1,NEC-D05,0.5,12:00,5,502.22
173,2026-08-03,3,B (14-22),L1,CIT-L05,0.5,14:00,1,500.91
173,2026-08-03,3,B (14-22),L1,CIT-L05,0.5,14:00,2,502.11
173,2026-08-03,3,B (14-22),L1,CIT-L05,0.5,14:00,3,503.06
173,2026-08-03,3,B (14-22),L1,CIT-L05,0.5,14:00,4,503.28
173,2026-08-03,3,B (14-22),L1,CIT-L05,0.5,14:00,5,501.07
174,2026-08-03,3,B (14-22),L1,CIT-L05,0.5,16:00,1,498.01
174,2026-08-03,3,B (14-22),L1,CIT-L05,0.5,16:00,2,501.91
174,2026-08-03,3,B (14-22),L1,CIT-L05,0.5,16:00,3,498.4
174,2026-08-03,3,B (14-22),L1,CIT-L05,0.5,16:00,4,504.2
174,2026-08-03,3,B (14-22),L1,CIT-L05,0.5,16:00,5,503.73
175,2026-08-03,3,B (14-22),L1,CIT-L05,0.5,18:00,1,507.36
175,2026-08-03,3,B (14-22),L1,CIT-L05,0.5,18:00,2,503.23
175,2026-08-03,3,B (14-22),L1,CIT-L05,0.5,18:00,3,498.09
175,2026-08-03,3,B (14-22),L1,CIT-L05,0.5,18:00,4,502.9
175,2026-08-03,3,B (14-22),L1,CIT-L05,0.5,18:00,5,505.24
176,2026-08-03,3,B (14-22),L1,CIT-L05,0.5,20:00,1,504.69
176,2026-08-03,3,B (14-22),L1,CIT-L05,0.5,20:00,2,499.93
176,2026-08-03,3,B (14-22),L1,CIT-L05,0.5,20:00,3,505.03
176,2026-08-03,3,B (14-22),L1,CIT-L05,0.5,20:00,4,501.38
176,2026-08-03,3,B (14-22),L1,CIT-L05,0.5,20:00,5,501.74
177,2026-08-04,3,A (06-14),L1,FUN-B05,0.5,06:00,1,505.26
177,2026-08-04,3,A (06-14),L1,FUN-B05,0.5,06:00,2,500.71
177,2026-08-04,3,A (06-14),L1,FUN-B05,0.5,06:00,3,501.82
177,2026-08-04,3,A (06-14),L1,FUN-B05,0.5,06:00,4,504.39
177,2026-08-04,3,A (06-14),L1,FUN-B05,0.5,06:00,5,504.59
178,2026-08-04,3,A (06-14),L1,FUN-B05,0.5,08:00,1,501.03
178,2026-08-04,3,A (06-14),L1,FUN-B05,0.5,08:00,2,500.77
178,2026-08-04,3,A (06-14),L1,FUN-B05,0.5,08:00,3,505.98
178,2026-08-04,3,A (06-14),L1,FUN-B05,0.5,08:00,4,501.39
178,2026-08-04,3,A (06-14),L1,FUN-B05,0.5,08:00,5,503.19
179,2026-08-04,3,A (06-14),L1,FUN-B05,0.5,10:00,1,501.86
179,2026-08-04,3,A (06-14),L1,FUN-B05,0.5,10:00,2,498.68
179,2026-08-04,3,A (06-14),L1,FUN-B05,0.5,10:00,3,504.92
179,2026-08-04,3,A (06-14),L1,FUN-B05,0.5,10:00,4,503.24
179,2026-08-04,3,A (06-14),L1,FUN-B05,0.5,10:00,5,502.8
180,2026-08-04,3,A (06-14),L1,FUN-B05,0.5,12:00,1,503.36
180,2026-08-04,3,A (06-14),L1,FUN-B05,0.5,12:00,2,503.85
180,2026-08-04,3,A (06-14),L1,FUN-B05,0.5,12:00,3,499.32
180,2026-08-04,3,A (06-14),L1,FUN-B05,0.5,12:00,4,502.7
180,2026-08-04,3,A (06-14),L1,FUN-B05,0.5,12:00,5,501.33
181,2026-08-04,3,B (14-22),L1,NEC-D05,0.5,14:00,1,502.86
181,2026-08-04,3,B (14-22),L1,NEC-D05,0.5,14:00,2,505.59
181,2026-08-04,3,B (14-22),L1,NEC-D05,0.5,14:00,3,501.51
181,2026-08-04,3,B (14-22),L1,NEC-D05,0.5,14:00,4,503.66
181,2026-08-04,3,B (14-22),L1,NEC-D05,0.5,14:00,5,502.63
182,2026-08-04,3,B (14-22),L1,NEC-D05,0.5,16:00,1,504.07
182,2026-08-04,3,B (14-22),L1,NEC-D05,0.5,16:00,2,503.12
182,2026-08-04,3,B (14-22),L1,NEC-D05,0.5,16:00,3,499.51
182,2026-08-04,3,B (14-22),L1,NEC-D05,0.5,16:00,4,500.98
182,2026-08-04,3,B (14-22),L1,NEC-D05,0.5,16:00,5,502.49
183,2026-08-04,3,B (14-22),L1,NEC-D05,0.5,18:00,1,501.45
183,2026-08-04,3,B (14-22),L1,NEC-D05,0.5,18:00,2,502.57
183,2026-08-04,3,B (14-22),L1,NEC-D05,0.5,18:00,3,501.82
183,2026-08-04,3,B (14-22),L1,NEC-D05,0.5,18:00,4,504.64
183,2026-08-04,3,B (14-22),L1,NEC-D05,0.5,18:00,5,503.95
184,2026-08-04,3,B (14-22),L1,NEC-D05,0.5,20:00,1,502.02
184,2026-08-04,3,B (14-22),L1,NEC-D05,0.5,20:00,2,505.17
184,2026-08-04,3,B (14-22),L1,NEC-D05,0.5,20:00,3,502.54
184,2026-08-04,3,B (14-22),L1,NEC-D05,0.5,20:00,4,504.92
184,2026-08-04,3,B (14-22),L1,NEC-D05,0.5,20:00,5,503.93
185,2026-08-05,3,A (06-14),L1,CIT-L05,0.5,06:00,1,501.95
185,2026-08-05,3,A (06-14),L1,CIT-L05,0.5,06:00,2,505.47
185,2026-08-05,3,A (06-14),L1,CIT-L05,0.5,06:00,3,500.89
185,2026-08-05,3,A (06-14),L1,CIT-L05,0.5,06:00,4,502.4
185,2026-08-05,3,A (06-14),L1,CIT-L05,0.5,06:00,5,500.88
186,2026-08-05,3,A (06-14),L1,CIT-L05,0.5,08:00,1,495.76
186,2026-08-05,3,A (06-14),L1,CIT-L05,0.5,08:00,2,503.9
186,2026-08-05,3,A (06-14),L1,CIT-L05,0.5,08:00,3,499.68
186,2026-08-05,3,A (06-14),L1,CIT-L05,0.5,08:00,4,500.97
186,2026-08-05,3,A (06-14),L1,CIT-L05,0.5,08:00,5,505.55
187,2026-08-05,3,A (06-14),L1,CIT-L05,0.5,10:00,1,503.41
187,2026-08-05,3,A (06-14),L1,CIT-L05,0.5,10:00,2,501.13
187,2026-08-05,3,A (06-14),L1,CIT-L05,0.5,10:00,3,501.35
187,2026-08-05,3,A (06-14),L1,CIT-L05,0.5,10:00,4,504.22
187,2026-08-05,3,A (06-14),L1,CIT-L05,0.5,10:00,5,503.77
188,2026-08-05,3,A (06-14),L1,CIT-L05,0.5,12:00,1,501.98
188,2026-08-05,3,A (06-14),L1,CIT-L05,0.5,12:00,2,502.24
188,2026-08-05,3,A (06-14),L1,CIT-L05,0.5,12:00,3,504.85
188,2026-08-05,3,A (06-14),L1,CIT-L05,0.5,12:00,4,501.56
188,2026-08-05,3,A (06-14),L1,CIT-L05,0.5,12:00,5,503.77
189,2026-08-05,3,B (14-22),L1,CIT-L05,0.5,14:00,1,499.53
189,2026-08-05,3,B (14-22),L1,CIT-L05,0.5,14:00,2,502.95
189,2026-08-05,3,B (14-22),L1,CIT-L05,0.5,14:00,3,500.99
189,2026-08-05,3,B (14-22),L1,CIT-L05,0.5,14:00,4,499.04
189,2026-08-05,3,B (14-22),L1,CIT-L05,0.5,14:00,5,500.73
190,2026-08-05,3,B (14-22),L1,CIT-L05,0.5,16:00,1,500.48
190,2026-08-05,3,B (14-22),L1,CIT-L05,0.5,16:00,2,500.2
190,2026-08-05,3,B (14-22),L1,CIT-L05,0.5,16:00,3,501.11
190,2026-08-05,3,B (14-22),L1,CIT-L05,0.5,16:00,4,502.55
190,2026-08-05,3,B (14-22),L1,CIT-L05,0.5,16:00,5,503.49
191,2026-08-05,3,B (14-22),L1,CIT-L05,0.5,18:00,1,502.69
191,2026-08-05,3,B (14-22),L1,CIT-L05,0.5,18:00,2,501.72
191,2026-08-05,3,B (14-22),L1,CIT-L05,0.5,18:00,3,505.33
191,2026-08-05,3,B (14-22),L1,CIT-L05,0.5,18:00,4,502.34
191,2026-08-05,3,B (14-22),L1,CIT-L05,0.5,18:00,5,499.54
192,2026-08-05,3,B (14-22),L1,CIT-L05,0.5,20:00,1,500.71
192,2026-08-05,3,B (14-22),L1,CIT-L05,0.5,20:00,2,503.5
192,2026-08-05,3,B (14-22),L1,CIT-L05,0.5,20:00,3,505.06
192,2026-08-05,3,B (14-22),L1,CIT-L05,0.5,20:00,4,505.01
192,2026-08-05,3,B (14-22),L1,CIT-L05,0.5,20:00,5,504.94
193,2026-08-03,3,A (06-14),L2,CIT-L15,1.5,06:00,1,1506.18
193,2026-08-03,3,A (06-14),L2,CIT-L15,1.5,06:00,2,1502.29
193,2026-08-03,3,A (06-14),L2,CIT-L15,1.5,06:00,3,1506.51
193,2026-08-03,3,A (06-14),L2,CIT-L15,1.5,06:00,4,1504.74
193,2026-08-03,3,A (06-14),L2,CIT-L15,1.5,06:00,5,1502.32
194,2026-08-03,3,A (06-14),L2,CIT-L15,1.5,08:00,1,1504.35
194,2026-08-03,3,A (06-14),L2,CIT-L15,1.5,08:00,2,1507.33
194,2026-08-03,3,A (06-14),L2,CIT-L15,1.5,08:00,3,1504.03
194,2026-08-03,3,A (06-14),L2,CIT-L15,1.5,08:00,4,1505.41
194,2026-08-03,3,A (06-14),L2,CIT-L15,1.5,08:00,5,1504.16
195,2026-08-03,3,A (06-14),L2,CIT-L15,1.5,10:00,1,1511.42
195,2026-08-03,3,A (06-14),L2,CIT-L15,1.5,10:00,2,1507.49
195,2026-08-03,3,A (06-14),L2,CIT-L15,1.5,10:00,3,1501.17
195,2026-08-03,3,A (06-14),L2,CIT-L15,1.5,10:00,4,1509.38
195,2026-08-03,3,A (06-14),L2,CIT-L15,1.5,10:00,5,1501.64
196,2026-08-03,3,A (06-14),L2,CIT-L15,1.5,12:00,1,1497.89
196,2026-08-03,3,A (06-14),L2,CIT-L15,1.5,12:00,2,1504.39
196,2026-08-03,3,A (06-14),L2,CIT-L15,1.5,12:00,3,1506.82
196,2026-08-03,3,A (06-14),L2,CIT-L15,1.5,12:00,4,1512.7
196,2026-08-03,3,A (06-14),L2,CIT-L15,1.5,12:00,5,1507.58
197,2026-08-03,3,B (14-22),L2,CIT-L30,3.0,14:00,1,3000.66
197,2026-08-03,3,B (14-22),L2,CIT-L30,3.0,14:00,2,3003.74
197,2026-08-03,3,B (14-22),L2,CIT-L30,3.0,14:00,3,3006.2
197,2026-08-03,3,B (14-22),L2,CIT-L30,3.0,14:00,4,3012.9
197,2026-08-03,3,B (14-22),L2,CIT-L30,3.0,14:00,5,3022.06
198,2026-08-03,3,B (14-22),L2,CIT-L30,3.0,16:00,1,2999.43
198,2026-08-03,3,B (14-22),L2,CIT-L30,3.0,16:00,2,3001.19
198,2026-08-03,3,B (14-22),L2,CIT-L30,3.0,16:00,3,3023.95
198,2026-08-03,3,B (14-22),L2,CIT-L30,3.0,16:00,4,3016.62
198,2026-08-03,3,B (14-22),L2,CIT-L30,3.0,16:00,5,3009.56
199,2026-08-03,3,B (14-22),L2,CIT-L30,3.0,18:00,1,3003.37
199,2026-08-03,3,B (14-22),L2,CIT-L30,3.0,18:00,2,3008.6
199,2026-08-03,3,B (14-22),L2,CIT-L30,3.0,18:00,3,3015.34
199,2026-08-03,3,B (14-22),L2,CIT-L30,3.0,18:00,4,3000.8
199,2026-08-03,3,B (14-22),L2,CIT-L30,3.0,18:00,5,2993.7
200,2026-08-03,3,B (14-22),L2,CIT-L30,3.0,20:00,1,3015.75
200,2026-08-03,3,B (14-22),L2,CIT-L30,3.0,20:00,2,3008.3
200,2026-08-03,3,B (14-22),L2,CIT-L30,3.0,20:00,3,3004.13
200,2026-08-03,3,B (14-22),L2,CIT-L30,3.0,20:00,4,3011.22
200,2026-08-03,3,B (14-22),L2,CIT-L30,3.0,20:00,5,3023.77
201,2026-08-03,3,C (22-06),L2,FUN-B30,3.0,22:00,1,3018.74
201,2026-08-03,3,C (22-06),L2,FUN-B30,3.0,22:00,2,3002.4
201,2026-08-03,3,C (22-06),L2,FUN-B30,3.0,22:00,3,2995.14
201,2026-08-03,3,C (22-06),L2,FUN-B30,3.0,22:00,4,3017.55
201,2026-08-03,3,C (22-06),L2,FUN-B30,3.0,22:00,5,3027.8
202,2026-08-03,3,C (22-06),L2,FUN-B30,3.0,00:00,1,2998.54
202,2026-08-03,3,C (22-06),L2,FUN-B30,3.0,00:00,2,3002.43
202,2026-08-03,3,C (22-06),L2,FUN-B30,3.0,00:00,3,3024.53
202,2026-08-03,3,C (22-06),L2,FUN-B30,3.0,00:00,4,3016.02
202,2026-08-03,3,C (22-06),L2,FUN-B30,3.0,00:00,5,3021.49
203,2026-08-03,3,C (22-06),L2,FUN-B30,3.0,02:00,1,3033.16
203,2026-08-03,3,C (22-06),L2,FUN-B30,3.0,02:00,2,3009.63
203,2026-08-03,3,C (22-06),L2,FUN-B30,3.0,02:00,3,3011.56
203,2026-08-03,3,C (22-06),L2,FUN-B30,3.0,02:00,4,3008.27
203,2026-08-03,3,C (22-06),L2,FUN-B30,3.0,02:00,5,2989.73
204,2026-08-03,3,C (22-06),L2,FUN-B30,3.0,04:00,1,3018.37
204,2026-08-03,3,C (22-06),L2,FUN-B30,3.0,04:00,2,3002.96
204,2026-08-03,3,C (22-06),L2,FUN-B30,3.0,04:00,3,3005.26
204,2026-08-03,3,C (22-06),L2,FUN-B30,3.0,04:00,4,3003.86
204,2026-08-03,3,C (22-06),L2,FUN-B30,3.0,04:00,5,3022.37
205,2026-08-04,3,A (06-14),L2,CIT-L15,1.5,06:00,1,1511.01
205,2026-08-04,3,A (06-14),L2,CIT-L15,1.5,06:00,2,1502.65
205,2026-08-04,3,A (06-14),L2,CIT-L15,1.5,06:00,3,1504.5
205,2026-08-04,3,A (06-14),L2,CIT-L15,1.5,06:00,4,1505.18
205,2026-08-04,3,A (06-14),L2,CIT-L15,1.5,06:00,5,1505.26
206,2026-08-04,3,A (06-14),L2,CIT-L15,1.5,08:00,1,1503.45
206,2026-08-04,3,A (06-14),L2,CIT-L15,1.5,08:00,2,1503.31
206,2026-08-04,3,A (06-14),L2,CIT-L15,1.5,08:00,3,1506.19
206,2026-08-04,3,A (06-14),L2,CIT-L15,1.5,08:00,4,1498.72
206,2026-08-04,3,A (06-14),L2,CIT-L15,1.5,08:00,5,1511.9
207,2026-08-04,3,A (06-14),L2,CIT-L15,1.5,10:00,1,1502.82
207,2026-08-04,3,A (06-14),L2,CIT-L15,1.5,10:00,2,1506.9
207,2026-08-04,3,A (06-14),L2,CIT-L15,1.5,10:00,3,1507.96
207,2026-08-04,3,A (06-14),L2,CIT-L15,1.5,10:00,4,1502.55
207,2026-08-04,3,A (06-14),L2,CIT-L15,1.5,10:00,5,1499.01
208,2026-08-04,3,A (06-14),L2,CIT-L15,1.5,12:00,1,1506.16
208,2026-08-04,3,A (06-14),L2,CIT-L15,1.5,12:00,2,1502.23
208,2026-08-04,3,A (06-14),L2,CIT-L15,1.5,12:00,3,1495.03
208,2026-08-04,3,A (06-14),L2,CIT-L15,1.5,12:00,4,1498.3
208,2026-08-04,3,A (06-14),L2,CIT-L15,1.5,12:00,5,1505.73
209,2026-08-04,3,B (14-22),L2,FUN-B15,1.5,14:00,1,1500.77
209,2026-08-04,3,B (14-22),L2,FUN-B15,1.5,14:00,2,1497.71
209,2026-08-04,3,B (14-22),L2,FUN-B15,1.5,14:00,3,1504.91
209,2026-08-04,3,B (14-22),L2,FUN-B15,1.5,14:00,4,1513.46
209,2026-08-04,3,B (14-22),L2,FUN-B15,1.5,14:00,5,1507.13
210,2026-08-04,3,B (14-22),L2,FUN-B15,1.5,16:00,1,1503.69
210,2026-08-04,3,B (14-22),L2,FUN-B15,1.5,16:00,2,1502.71
210,2026-08-04,3,B (14-22),L2,FUN-B15,1.5,16:00,3,1505.77
210,2026-08-04,3,B (14-22),L2,FUN-B15,1.5,16:00,4,1500.46
210,2026-08-04,3,B (14-22),L2,FUN-B15,1.5,16:00,5,1501.5
211,2026-08-04,3,B (14-22),L2,FUN-B15,1.5,18:00,1,1513.18
211,2026-08-04,3,B (14-22),L2,FUN-B15,1.5,18:00,2,1500.18
211,2026-08-04,3,B (14-22),L2,FUN-B15,1.5,18:00,3,1506.93
211,2026-08-04,3,B (14-22),L2,FUN-B15,1.5,18:00,4,1499.04
211,2026-08-04,3,B (14-22),L2,FUN-B15,1.5,18:00,5,1497.1
212,2026-08-04,3,B (14-22),L2,FUN-B15,1.5,20:00,1,1510.5
212,2026-08-04,3,B (14-22),L2,FUN-B15,1.5,20:00,2,1503.54
212,2026-08-04,3,B (14-22),L2,FUN-B15,1.5,20:00,3,1496.01
212,2026-08-04,3,B (14-22),L2,FUN-B15,1.5,20:00,4,1502.14
212,2026-08-04,3,B (14-22),L2,FUN-B15,1.5,20:00,5,1499.11
213,2026-08-04,3,C (22-06),L2,CIT-L30,3.0,22:00,1,3010.43
213,2026-08-04,3,C (22-06),L2,CIT-L30,3.0,22:00,2,3001.11
213,2026-08-04,3,C (22-06),L2,CIT-L30,3.0,22:00,3,3005.79
213,2026-08-04,3,C (22-06),L2,CIT-L30,3.0,22:00,4,3015.24
213,2026-08-04,3,C (22-06),L2,CIT-L30,3.0,22:00,5,3001.75
214,2026-08-04,3,C (22-06),L2,CIT-L30,3.0,00:00,1,3001.01
214,2026-08-04,3,C (22-06),L2,CIT-L30,3.0,00:00,2,3002.24
214,2026-08-04,3,C (22-06),L2,CIT-L30,3.0,00:00,3,3004.9
214,2026-08-04,3,C (22-06),L2,CIT-L30,3.0,00:00,4,3021.49
214,2026-08-04,3,C (22-06),L2,CIT-L30,3.0,00:00,5,3024.41
215,2026-08-04,3,C (22-06),L2,CIT-L30,3.0,02:00,1,3027.41
215,2026-08-04,3,C (22-06),L2,CIT-L30,3.0,02:00,2,2996.53
215,2026-08-04,3,C (22-06),L2,CIT-L30,3.0,02:00,3,3010.59
215,2026-08-04,3,C (22-06),L2,CIT-L30,3.0,02:00,4,2995.11
215,2026-08-04,3,C (22-06),L2,CIT-L30,3.0,02:00,5,3017.73
216,2026-08-04,3,C (22-06),L2,CIT-L30,3.0,04:00,1,3014.76
216,2026-08-04,3,C (22-06),L2,CIT-L30,3.0,04:00,2,3000.19
216,2026-08-04,3,C (22-06),L2,CIT-L30,3.0,04:00,3,3015.79
216,2026-08-04,3,C (22-06),L2,CIT-L30,3.0,04:00,4,3014.6
216,2026-08-04,3,C (22-06),L2,CIT-L30,3.0,04:00,5,3009.33
217,2026-08-05,3,A (06-14),L2,FUN-B30,3.0,06:00,1,2996.2
217,2026-08-05,3,A (06-14),L2,FUN-B30,3.0,06:00,2,3011.83
217,2026-08-05,3,A (06-14),L2,FUN-B30,3.0,06:00,3,3023.77
217,2026-08-05,3,A (06-14),L2,FUN-B30,3.0,06:00,4,2987.06
217,2026-08-05,3,A (06-14),L2,FUN-B30,3.0,06:00,5,3004.86
218,2026-08-05,3,A (06-14),L2,FUN-B30,3.0,08:00,1,3007.95
218,2026-08-05,3,A (06-14),L2,FUN-B30,3.0,08:00,2,2991.22
218,2026-08-05,3,A (06-14),L2,FUN-B30,3.0,08:00,3,2995.99
218,2026-08-05,3,A (06-14),L2,FUN-B30,3.0,08:00,4,3006.34
218,2026-08-05,3,A (06-14),L2,FUN-B30,3.0,08:00,5,2997.95
219,2026-08-05,3,A (06-14),L2,FUN-B30,3.0,10:00,1,3013.63
219,2026-08-05,3,A (06-14),L2,FUN-B30,3.0,10:00,2,3002.28
219,2026-08-05,3,A (06-14),L2,FUN-B30,3.0,10:00,3,2999.81
219,2026-08-05,3,A (06-14),L2,FUN-B30,3.0,10:00,4,3004.73
219,2026-08-05,3,A (06-14),L2,FUN-B30,3.0,10:00,5,3015.87
220,2026-08-05,3,A (06-14),L2,FUN-B30,3.0,12:00,1,3021.86
220,2026-08-05,3,A (06-14),L2,FUN-B30,3.0,12:00,2,3004.5
220,2026-08-05,3,A (06-14),L2,FUN-B30,3.0,12:00,3,3010.14
220,2026-08-05,3,A (06-14),L2,FUN-B30,3.0,12:00,4,3004.51
220,2026-08-05,3,A (06-14),L2,FUN-B30,3.0,12:00,5,3005.81
221,2026-08-05,3,B (14-22),L2,FUN-B30,3.0,14:00,1,3011.7
221,2026-08-05,3,B (14-22),L2,FUN-B30,3.0,14:00,2,3009.04
221,2026-08-05,3,B (14-22),L2,FUN-B30,3.0,14:00,3,2998.22
221,2026-08-05,3,B (14-22),L2,FUN-B30,3.0,14:00,4,2999.96
221,2026-08-05,3,B (14-22),L2,FUN-B30,3.0,14:00,5,3013.98
222,2026-08-05,3,B (14-22),L2,FUN-B30,3.0,16:00,1,2993.23
222,2026-08-05,3,B (14-22),L2,FUN-B30,3.0,16:00,2,3006.82
222,2026-08-05,3,B (14-22),L2,FUN-B30,3.0,16:00,3,3014.11
222,2026-08-05,3,B (14-22),L2,FUN-B30,3.0,16:00,4,3003.85
222,2026-08-05,3,B (14-22),L2,FUN-B30,3.0,16:00,5,2987.47
223,2026-08-05,3,B (14-22),L2,FUN-B30,3.0,18:00,1,3004.23
223,2026-08-05,3,B (14-22),L2,FUN-B30,3.0,18:00,2,3010.16
223,2026-08-05,3,B (14-22),L2,FUN-B30,3.0,18:00,3,2994.37
223,2026-08-05,3,B (14-22),L2,FUN-B30,3.0,18:00,4,3002.43
223,2026-08-05,3,B (14-22),L2,FUN-B30,3.0,18:00,5,3011.83
224,2026-08-05,3,B (14-22),L2,FUN-B30,3.0,20:00,1,3006.52
224,2026-08-05,3,B (14-22),L2,FUN-B30,3.0,20:00,2,3008.15
224,2026-08-05,3,B (14-22),L2,FUN-B30,3.0,20:00,3,3020.56
224,2026-08-05,3,B (14-22),L2,FUN-B30,3.0,20:00,4,3007.36
224,2026-08-05,3,B (14-22),L2,FUN-B30,3.0,20:00,5,3005.55
225,2026-08-05,3,C (22-06),L2,CIT-L30,3.0,22:00,1,3000.63
225,2026-08-05,3,C (22-06),L2,CIT-L30,3.0,22:00,2,3014.99
225,2026-08-05,3,C (22-06),L2,CIT-L30,3.0,22:00,3,2997.78
225,2026-08-05,3,C (22-06),L2,CIT-L30,3.0,22:00,4,3030.42
225,2026-08-05,3,C (22-06),L2,CIT-L30,3.0,22:00,5,3004.26
226,2026-08-05,3,C (22-06),L2,CIT-L30,3.0,00:00,1,3016.59
226,2026-08-05,3,C (22-06),L2,CIT-L30,3.0,00:00,2,3009.47
226,2026-08-05,3,C (22-06),L2,CIT-L30,3.0,00:00,3,3029.66
226,2026-08-05,3,C (22-06),L2,CIT-L30,3.0,00:00,4,3019.43
226,2026-08-05,3,C (22-06),L2,CIT-L30,3.0,00:00,5,3011.57
227,2026-08-05,3,C (22-06),L2,CIT-L30,3.0,02:00,1,3017.2
227,2026-08-05,3,C (22-06),L2,CIT-L30,3.0,02:00,2,3022.74
227,2026-08-05,3,C (22-06),L2,CIT-L30,3.0,02:00,3,3016.82
227,2026-08-05,3,C (22-06),L2,CIT-L30,3.0,02:00,4,3005.29
227,2026-08-05,3,C (22-06),L2,CIT-L30,3.0,02:00,5,3017.52
228,2026-08-05,3,C (22-06),L2,CIT-L30,3.0,04:00,1,3002.01
228,2026-08-05,3,C (22-06),L2,CIT-L30,3.0,04:00,2,3017.39
228,2026-08-05,3,C (22-06),L2,CIT-L30,3.0,04:00,3,3016.11
228,2026-08-05,3,C (22-06),L2,CIT-L30,3.0,04:00,4,2997.72
228,2026-08-05,3,C (22-06),L2,CIT-L30,3.0,04:00,5,3019.2
229,2026-08-06,3,A (06-14),L2,FUN-B15,1.5,06:00,1,1499.67
229,2026-08-06,3,A (06-14),L2,FUN-B15,1.5,06:00,2,1500.61
229,2026-08-06,3,A (06-14),L2,FUN-B15,1.5,06:00,3,1509.92
229,2026-08-06,3,A (06-14),L2,FUN-B15,1.5,06:00,4,1499.87
229,2026-08-06,3,A (06-14),L2,FUN-B15,1.5,06:00,5,1507.53
230,2026-08-06,3,A (06-14),L2,FUN-B15,1.5,08:00,1,1501.8
230,2026-08-06,3,A (06-14),L2,FUN-B15,1.5,08:00,2,1505.13
230,2026-08-06,3,A (06-14),L2,FUN-B15,1.5,08:00,3,1498.62
230,2026-08-06,3,A (06-14),L2,FUN-B15,1.5,08:00,4,1503.54
230,2026-08-06,3,A (06-14),L2,FUN-B15,1.5,08:00,5,1515.42
231,2026-08-06,3,A (06-14),L2,FUN-B15,1.5,10:00,1,1498.15
231,2026-08-06,3,A (06-14),L2,FUN-B15,1.5,10:00,2,1508.24
231,2026-08-06,3,A (06-14),L2,FUN-B15,1.5,10:00,3,1515.95
231,2026-08-06,3,A (06-14),L2,FUN-B15,1.5,10:00,4,1505.17
231,2026-08-06,3,A (06-14),L2,FUN-B15,1.5,10:00,5,1493.79
232,2026-08-06,3,A (06-14),L2,FUN-B15,1.5,12:00,1,1505.64
232,2026-08-06,3,A (06-14),L2,FUN-B15,1.5,12:00,2,1506.75
232,2026-08-06,3,A (06-14),L2,FUN-B15,1.5,12:00,3,1510.72
232,2026-08-06,3,A (06-14),L2,FUN-B15,1.5,12:00,4,1507.24
232,2026-08-06,3,A (06-14),L2,FUN-B15,1.5,12:00,5,1505.08
233,2026-08-06,3,B (14-22),L2,FUN-B30,3.0,14:00,1,3021.52
233,2026-08-06,3,B (14-22),L2,FUN-B30,3.0,14:00,2,2999.44
233,2026-08-06,3,B (14-22),L2,FUN-B30,3.0,14:00,3,3021.71
233,2026-08-06,3,B (14-22),L2,FUN-B30,3.0,14:00,4,3019.46
233,2026-08-06,3,B (14-22),L2,FUN-B30,3.0,14:00,5,3006.54
234,2026-08-06,3,B (14-22),L2,FUN-B30,3.0,16:00,1,3014.08
234,2026-08-06,3,B (14-22),L2,FUN-B30,3.0,16:00,2,3013.1
234,2026-08-06,3,B (14-22),L2,FUN-B30,3.0,16:00,3,2996.09
234,2026-08-06,3,B (14-22),L2,FUN-B30,3.0,16:00,4,3010.44
234,2026-08-06,3,B (14-22),L2,FUN-B30,3.0,16:00,5,3005.55
235,2026-08-06,3,B (14-22),L2,FUN-B30,3.0,18:00,1,3014.32
235,2026-08-06,3,B (14-22),L2,FUN-B30,3.0,18:00,2,3010.88
235,2026-08-06,3,B (14-22),L2,FUN-B30,3.0,18:00,3,3004.16
235,2026-08-06,3,B (14-22),L2,FUN-B30,3.0,18:00,4,3014.92
235,2026-08-06,3,B (14-22),L2,FUN-B30,3.0,18:00,5,2991.88
236,2026-08-06,3,B (14-22),L2,FUN-B30,3.0,20:00,1,3008.58
236,2026-08-06,3,B (14-22),L2,FUN-B30,3.0,20:00,2,2998.04
236,2026-08-06,3,B (14-22),L2,FUN-B30,3.0,20:00,3,3006.85
236,2026-08-06,3,B (14-22),L2,FUN-B30,3.0,20:00,4,3017.33
236,2026-08-06,3,B (14-22),L2,FUN-B30,3.0,20:00,5,2996.62
237,2026-08-06,3,C (22-06),L2,NEC-D15,1.5,22:00,1,1502.64
237,2026-08-06,3,C (22-06),L2,NEC-D15,1.5,22:00,2,1507.78
237,2026-08-06,3,C (22-06),L2,NEC-D15,1.5,22:00,3,1511.07
237,2026-08-06,3,C (22-06),L2,NEC-D15,1.5,22:00,4,1509.89
237,2026-08-06,3,C (22-06),L2,NEC-D15,1.5,22:00,5,1505.49
238,2026-08-06,3,C (22-06),L2,NEC-D15,1.5,00:00,1,1499.58
238,2026-08-06,3,C (22-06),L2,NEC-D15,1.5,00:00,2,1505.28
238,2026-08-06,3,C (22-06),L2,NEC-D15,1.5,00:00,3,1509.53
238,2026-08-06,3,C (22-06),L2,NEC-D15,1.5,00:00,4,1507.09
238,2026-08-06,3,C (22-06),L2,NEC-D15,1.5,00:00,5,1505.25
239,2026-08-06,3,C (22-06),L2,NEC-D15,1.5,02:00,1,1519.67
239,2026-08-06,3,C (22-06),L2,NEC-D15,1.5,02:00,2,1502.42
239,2026-08-06,3,C (22-06),L2,NEC-D15,1.5,02:00,3,1504.4
239,2026-08-06,3,C (22-06),L2,NEC-D15,1.5,02:00,4,1509.27
239,2026-08-06,3,C (22-06),L2,NEC-D15,1.5,02:00,5,1512.63
240,2026-08-06,3,C (22-06),L2,NEC-D15,1.5,04:00,1,1501.64
240,2026-08-06,3,C (22-06),L2,NEC-D15,1.5,04:00,2,1503.9
240,2026-08-06,3,C (22-06),L2,NEC-D15,1.5,04:00,3,1507.32
240,2026-08-06,3,C (22-06),L2,NEC-D15,1.5,04:00,4,1509.97
240,2026-08-06,3,C (22-06),L2,NEC-D15,1.5,04:00,5,1507.15
241,2026-08-07,3,A (06-14),L2,NEC-D15,1.5,06:00,1,1507.15
241,2026-08-07,3,A (06-14),L2,NEC-D15,1.5,06:00,2,1505.96
241,2026-08-07,3,A (06-14),L2,NEC-D15,1.5,06:00,3,1510.38
241,2026-08-07,3,A (06-14),L2,NEC-D15,1.5,06:00,4,1506.28
241,2026-08-07,3,A (06-14),L2,NEC-D15,1.5,06:00,5,1506.83
242,2026-08-07,3,A (06-14),L2,NEC-D15,1.5,08:00,1,1503.74
242,2026-08-07,3,A (06-14),L2,NEC-D15,1.5,08:00,2,1502.12
242,2026-08-07,3,A (06-14),L2,NEC-D15,1.5,08:00,3,1498.25
242,2026-08-07,3,A (06-14),L2,NEC-D15,1.5,08:00,4,1499.91
242,2026-08-07,3,A (06-14),L2,NEC-D15,1.5,08:00,5,1509.81
243,2026-08-07,3,A (06-14),L2,NEC-D15,1.5,10:00,1,1498.69
243,2026-08-07,3,A (06-14),L2,NEC-D15,1.5,10:00,2,1507.9
243,2026-08-07,3,A (06-14),L2,NEC-D15,1.5,10:00,3,1494.65
243,2026-08-07,3,A (06-14),L2,NEC-D15,1.5,10:00,4,1499.79
243,2026-08-07,3,A (06-14),L2,NEC-D15,1.5,10:00,5,1504.84
244,2026-08-07,3,A (06-14),L2,NEC-D15,1.5,12:00,1,1507.47
244,2026-08-07,3,A (06-14),L2,NEC-D15,1.5,12:00,2,1512.28
244,2026-08-07,3,A (06-14),L2,NEC-D15,1.5,12:00,3,1496.3
244,2026-08-07,3,A (06-14),L2,NEC-D15,1.5,12:00,4,1500.05
244,2026-08-07,3,A (06-14),L2,NEC-D15,1.5,12:00,5,1502.08
245,2026-08-07,3,B (14-22),L2,CIT-L30,3.0,14:00,1,3002.89
245,2026-08-07,3,B (14-22),L2,CIT-L30,3.0,14:00,2,3000.39
245,2026-08-07,3,B (14-22),L2,CIT-L30,3.0,14:00,3,2995.38
245,2026-08-07,3,B (14-22),L2,CIT-L30,3.0,14:00,4,3003.24
245,2026-08-07,3,B (14-22),L2,CIT-L30,3.0,14:00,5,3005.24
246,2026-08-07,3,B (14-22),L2,CIT-L30,3.0,16:00,1,3010.6
246,2026-08-07,3,B (14-22),L2,CIT-L30,3.0,16:00,2,3003.69
246,2026-08-07,3,B (14-22),L2,CIT-L30,3.0,16:00,3,3009.7
246,2026-08-07,3,B (14-22),L2,CIT-L30,3.0,16:00,4,3002.63
246,2026-08-07,3,B (14-22),L2,CIT-L30,3.0,16:00,5,3010.84
247,2026-08-07,3,B (14-22),L2,CIT-L30,3.0,18:00,1,3003.29
247,2026-08-07,3,B (14-22),L2,CIT-L30,3.0,18:00,2,3019.74
247,2026-08-07,3,B (14-22),L2,CIT-L30,3.0,18:00,3,3018.43
247,2026-08-07,3,B (14-22),L2,CIT-L30,3.0,18:00,4,2988.81
247,2026-08-07,3,B (14-22),L2,CIT-L30,3.0,18:00,5,2999.3
248,2026-08-07,3,B (14-22),L2,CIT-L30,3.0,20:00,1,3014.64
248,2026-08-07,3,B (14-22),L2,CIT-L30,3.0,20:00,2,3008.56
248,2026-08-07,3,B (14-22),L2,CIT-L30,3.0,20:00,3,3004.19
248,2026-08-07,3,B (14-22),L2,CIT-L30,3.0,20:00,4,3016.12
248,2026-08-07,3,B (14-22),L2,CIT-L30,3.0,20:00,5,3019.46
249,2026-08-07,3,C (22-06),L2,FUN-B15,1.5,22:00,1,1513.37
249,2026-08-07,3,C (22-06),L2,FUN-B15,1.5,22:00,2,1519.17
249,2026-08-07,3,C (22-06),L2,FUN-B15,1.5,22:00,3,1497.06
249,2026-08-07,3,C (22-06),L2,FUN-B15,1.5,22:00,4,1498.82
249,2026-08-07,3,C (22-06),L2,FUN-B15,1.5,22:00,5,1525.19
250,2026-08-07,3,C (22-06),L2,FUN-B15,1.5,00:00,1,1517.74
250,2026-08-07,3,C (22-06),L2,FUN-B15,1.5,00:00,2,1514.3
250,2026-08-07,3,C (22-06),L2,FUN-B15,1.5,00:00,3,1505.63
250,2026-08-07,3,C (22-06),L2,FUN-B15,1.5,00:00,4,1521.57
250,2026-08-07,3,C (22-06),L2,FUN-B15,1.5,00:00,5,1494.0
251,2026-08-07,3,C (22-06),L2,FUN-B15,1.5,02:00,1,1502.42
251,2026-08-07,3,C (22-06),L2,FUN-B15,1.5,02:00,2,1508.63
251,2026-08-07,3,C (22-06),L2,FUN-B15,1.5,02:00,3,1516.15
251,2026-08-07,3,C (22-06),L2,FUN-B15,1.5,02:00,4,1507.02
251,2026-08-07,3,C (22-06),L2,FUN-B15,1.5,02:00,5,1504.72
252,2026-08-07,3,C (22-06),L2,FUN-B15,1.5,04:00,1,1509.17
252,2026-08-07,3,C (22-06),L2,FUN-B15,1.5,04:00,2,1520.83
252,2026-08-07,3,C (22-06),L2,FUN-B15,1.5,04:00,3,1494.4
252,2026-08-07,3,C (22-06),L2,FUN-B15,1.5,04:00,4,1514.92
252,2026-08-07,3,C (22-06),L2,FUN-B15,1.5,04:00,5,1502.9
253,2026-08-10,4,A (06-14),L1,FUN-B05,0.5,06:00,1,503.64
253,2026-08-10,4,A (06-14),L1,FUN-B05,0.5,06:00,2,500.1
253,2026-08-10,4,A (06-14),L1,FUN-B05,0.5,06:00,3,503.88
253,2026-08-10,4,A (06-14),L1,FUN-B05,0.5,06:00,4,504.02
253,2026-08-10,4,A (06-14),L1,FUN-B05,0.5,06:00,5,504.29
254,2026-08-10,4,A (06-14),L1,FUN-B05,0.5,08:00,1,504.25
254,2026-08-10,4,A (06-14),L1,FUN-B05,0.5,08:00,2,502.33
254,2026-08-10,4,A (06-14),L1,FUN-B05,0.5,08:00,3,501.65
254,2026-08-10,4,A (06-14),L1,FUN-B05,0.5,08:00,4,503.26
254,2026-08-10,4,A (06-14),L1,FUN-B05,0.5,08:00,5,500.51
255,2026-08-10,4,A (06-14),L1,FUN-B05,0.5,10:00,1,504.02
255,2026-08-10,4,A (06-14),L1,FUN-B05,0.5,10:00,2,501.99
255,2026-08-10,4,A (06-14),L1,FUN-B05,0.5,10:00,3,501.8
255,2026-08-10,4,A (06-14),L1,FUN-B05,0.5,10:00,4,498.53
255,2026-08-10,4,A (06-14),L1,FUN-B05,0.5,10:00,5,501.24
256,2026-08-10,4,A (06-14),L1,FUN-B05,0.5,12:00,1,502.83
256,2026-08-10,4,A (06-14),L1,FUN-B05,0.5,12:00,2,504.22
256,2026-08-10,4,A (06-14),L1,FUN-B05,0.5,12:00,3,502.5
256,2026-08-10,4,A (06-14),L1,FUN-B05,0.5,12:00,4,505.94
256,2026-08-10,4,A (06-14),L1,FUN-B05,0.5,12:00,5,499.99
257,2026-08-10,4,B (14-22),L1,NEC-D05,0.5,14:00,1,500.87
257,2026-08-10,4,B (14-22),L1,NEC-D05,0.5,14:00,2,501.83
257,2026-08-10,4,B (14-22),L1,NEC-D05,0.5,14:00,3,501.66
257,2026-08-10,4,B (14-22),L1,NEC-D05,0.5,14:00,4,504.4
257,2026-08-10,4,B (14-22),L1,NEC-D05,0.5,14:00,5,503.58
258,2026-08-10,4,B (14-22),L1,NEC-D05,0.5,16:00,1,503.08
258,2026-08-10,4,B (14-22),L1,NEC-D05,0.5,16:00,2,503.32
258,2026-08-10,4,B (14-22),L1,NEC-D05,0.5,16:00,3,499.94
258,2026-08-10,4,B (14-22),L1,NEC-D05,0.5,16:00,4,501.55
258,2026-08-10,4,B (14-22),L1,NEC-D05,0.5,16:00,5,502.29
259,2026-08-10,4,B (14-22),L1,NEC-D05,0.5,18:00,1,502.15
259,2026-08-10,4,B (14-22),L1,NEC-D05,0.5,18:00,2,498.32
259,2026-08-10,4,B (14-22),L1,NEC-D05,0.5,18:00,3,502.27
259,2026-08-10,4,B (14-22),L1,NEC-D05,0.5,18:00,4,498.79
259,2026-08-10,4,B (14-22),L1,NEC-D05,0.5,18:00,5,504.33
260,2026-08-10,4,B (14-22),L1,NEC-D05,0.5,20:00,1,500.26
260,2026-08-10,4,B (14-22),L1,NEC-D05,0.5,20:00,2,501.52
260,2026-08-10,4,B (14-22),L1,NEC-D05,0.5,20:00,3,504.45
260,2026-08-10,4,B (14-22),L1,NEC-D05,0.5,20:00,4,500.27
260,2026-08-10,4,B (14-22),L1,NEC-D05,0.5,20:00,5,501.95
261,2026-08-11,4,A (06-14),L1,CIT-L05,0.5,06:00,1,501.99
261,2026-08-11,4,A (06-14),L1,CIT-L05,0.5,06:00,2,504.29
261,2026-08-11,4,A (06-14),L1,CIT-L05,0.5,06:00,3,501.14
261,2026-08-11,4,A (06-14),L1,CIT-L05,0.5,06:00,4,504.35
261,2026-08-11,4,A (06-14),L1,CIT-L05,0.5,06:00,5,506.53
262,2026-08-11,4,A (06-14),L1,CIT-L05,0.5,08:00,1,501.86
262,2026-08-11,4,A (06-14),L1,CIT-L05,0.5,08:00,2,506.77
262,2026-08-11,4,A (06-14),L1,CIT-L05,0.5,08:00,3,500.29
262,2026-08-11,4,A (06-14),L1,CIT-L05,0.5,08:00,4,500.3
262,2026-08-11,4,A (06-14),L1,CIT-L05,0.5,08:00,5,504.16
263,2026-08-11,4,A (06-14),L1,CIT-L05,0.5,10:00,1,501.3
263,2026-08-11,4,A (06-14),L1,CIT-L05,0.5,10:00,2,505.04
263,2026-08-11,4,A (06-14),L1,CIT-L05,0.5,10:00,3,503.04
263,2026-08-11,4,A (06-14),L1,CIT-L05,0.5,10:00,4,502.02
263,2026-08-11,4,A (06-14),L1,CIT-L05,0.5,10:00,5,501.48
264,2026-08-11,4,A (06-14),L1,CIT-L05,0.5,12:00,1,502.68
264,2026-08-11,4,A (06-14),L1,CIT-L05,0.5,12:00,2,498.75
264,2026-08-11,4,A (06-14),L1,CIT-L05,0.5,12:00,3,505.92
264,2026-08-11,4,A (06-14),L1,CIT-L05,0.5,12:00,4,500.4
264,2026-08-11,4,A (06-14),L1,CIT-L05,0.5,12:00,5,498.36
265,2026-08-11,4,B (14-22),L1,CIT-L05,0.5,14:00,1,499.25
265,2026-08-11,4,B (14-22),L1,CIT-L05,0.5,14:00,2,503.75
265,2026-08-11,4,B (14-22),L1,CIT-L05,0.5,14:00,3,503.81
265,2026-08-11,4,B (14-22),L1,CIT-L05,0.5,14:00,4,501.77
265,2026-08-11,4,B (14-22),L1,CIT-L05,0.5,14:00,5,500.5
266,2026-08-11,4,B (14-22),L1,CIT-L05,0.5,16:00,1,502.98
266,2026-08-11,4,B (14-22),L1,CIT-L05,0.5,16:00,2,506.09
266,2026-08-11,4,B (14-22),L1,CIT-L05,0.5,16:00,3,503.1
266,2026-08-11,4,B (14-22),L1,CIT-L05,0.5,16:00,4,502.98
266,2026-08-11,4,B (14-22),L1,CIT-L05,0.5,16:00,5,502.23
267,2026-08-11,4,B (14-22),L1,CIT-L05,0.5,18:00,1,505.9
267,2026-08-11,4,B (14-22),L1,CIT-L05,0.5,18:00,2,502.26
267,2026-08-11,4,B (14-22),L1,CIT-L05,0.5,18:00,3,501.59
267,2026-08-11,4,B (14-22),L1,CIT-L05,0.5,18:00,4,500.39
267,2026-08-11,4,B (14-22),L1,CIT-L05,0.5,18:00,5,505.23
268,2026-08-11,4,B (14-22),L1,CIT-L05,0.5,20:00,1,506.92
268,2026-08-11,4,B (14-22),L1,CIT-L05,0.5,20:00,2,501.41
268,2026-08-11,4,B (14-22),L1,CIT-L05,0.5,20:00,3,502.81
268,2026-08-11,4,B (14-22),L1,CIT-L05,0.5,20:00,4,505.97
268,2026-08-11,4,B (14-22),L1,CIT-L05,0.5,20:00,5,499.69
269,2026-08-12,4,A (06-14),L1,FUN-B05,0.5,06:00,1,505.47
269,2026-08-12,4,A (06-14),L1,FUN-B05,0.5,06:00,2,503.42
269,2026-08-12,4,A (06-14),L1,FUN-B05,0.5,06:00,3,500.62
269,2026-08-12,4,A (06-14),L1,FUN-B05,0.5,06:00,4,505.05
269,2026-08-12,4,A (06-14),L1,FUN-B05,0.5,06:00,5,500.46
270,2026-08-12,4,A (06-14),L1,FUN-B05,0.5,08:00,1,498.38
270,2026-08-12,4,A (06-14),L1,FUN-B05,0.5,08:00,2,502.86
270,2026-08-12,4,A (06-14),L1,FUN-B05,0.5,08:00,3,497.39
270,2026-08-12,4,A (06-14),L1,FUN-B05,0.5,08:00,4,502.47
270,2026-08-12,4,A (06-14),L1,FUN-B05,0.5,08:00,5,505.59
271,2026-08-12,4,A (06-14),L1,FUN-B05,0.5,10:00,1,504.34
271,2026-08-12,4,A (06-14),L1,FUN-B05,0.5,10:00,2,502.45
271,2026-08-12,4,A (06-14),L1,FUN-B05,0.5,10:00,3,507.24
271,2026-08-12,4,A (06-14),L1,FUN-B05,0.5,10:00,4,500.42
271,2026-08-12,4,A (06-14),L1,FUN-B05,0.5,10:00,5,502.36
272,2026-08-12,4,A (06-14),L1,FUN-B05,0.5,12:00,1,501.68
272,2026-08-12,4,A (06-14),L1,FUN-B05,0.5,12:00,2,503.6
272,2026-08-12,4,A (06-14),L1,FUN-B05,0.5,12:00,3,503.76
272,2026-08-12,4,A (06-14),L1,FUN-B05,0.5,12:00,4,500.93
272,2026-08-12,4,A (06-14),L1,FUN-B05,0.5,12:00,5,501.36
273,2026-08-12,4,B (14-22),L1,NEC-D05,0.5,14:00,1,502.39
273,2026-08-12,4,B (14-22),L1,NEC-D05,0.5,14:00,2,499.67
273,2026-08-12,4,B (14-22),L1,NEC-D05,0.5,14:00,3,505.06
273,2026-08-12,4,B (14-22),L1,NEC-D05,0.5,14:00,4,503.18
273,2026-08-12,4,B (14-22),L1,NEC-D05,0.5,14:00,5,501.82
274,2026-08-12,4,B (14-22),L1,NEC-D05,0.5,16:00,1,504.94
274,2026-08-12,4,B (14-22),L1,NEC-D05,0.5,16:00,2,500.91
274,2026-08-12,4,B (14-22),L1,NEC-D05,0.5,16:00,3,499.54
274,2026-08-12,4,B (14-22),L1,NEC-D05,0.5,16:00,4,501.75
274,2026-08-12,4,B (14-22),L1,NEC-D05,0.5,16:00,5,506.61
275,2026-08-12,4,B (14-22),L1,NEC-D05,0.5,18:00,1,501.72
275,2026-08-12,4,B (14-22),L1,NEC-D05,0.5,18:00,2,504.73
275,2026-08-12,4,B (14-22),L1,NEC-D05,0.5,18:00,3,502.84
275,2026-08-12,4,B (14-22),L1,NEC-D05,0.5,18:00,4,503.33
275,2026-08-12,4,B (14-22),L1,NEC-D05,0.5,18:00,5,503.73
276,2026-08-12,4,B (14-22),L1,NEC-D05,0.5,20:00,1,501.97
276,2026-08-12,4,B (14-22),L1,NEC-D05,0.5,20:00,2,498.19
276,2026-08-12,4,B (14-22),L1,NEC-D05,0.5,20:00,3,503.27
276,2026-08-12,4,B (14-22),L1,NEC-D05,0.5,20:00,4,503.33
276,2026-08-12,4,B (14-22),L1,NEC-D05,0.5,20:00,5,502.3
277,2026-08-10,4,A (06-14),L2,CIT-L15,1.5,06:00,1,1502.83
277,2026-08-10,4,A (06-14),L2,CIT-L15,1.5,06:00,2,1498.33
277,2026-08-10,4,A (06-14),L2,CIT-L15,1.5,06:00,3,1508.62
277,2026-08-10,4,A (06-14),L2,CIT-L15,1.5,06:00,4,1504.83
277,2026-08-10,4,A (06-14),L2,CIT-L15,1.5,06:00,5,1509.39
278,2026-08-10,4,A (06-14),L2,CIT-L15,1.5,08:00,1,1497.66
278,2026-08-10,4,A (06-14),L2,CIT-L15,1.5,08:00,2,1503.27
278,2026-08-10,4,A (06-14),L2,CIT-L15,1.5,08:00,3,1499.23
278,2026-08-10,4,A (06-14),L2,CIT-L15,1.5,08:00,4,1500.04
278,2026-08-10,4,A (06-14),L2,CIT-L15,1.5,08:00,5,1503.53
279,2026-08-10,4,A (06-14),L2,CIT-L15,1.5,10:00,1,1499.44
279,2026-08-10,4,A (06-14),L2,CIT-L15,1.5,10:00,2,1495.3
279,2026-08-10,4,A (06-14),L2,CIT-L15,1.5,10:00,3,1501.3
279,2026-08-10,4,A (06-14),L2,CIT-L15,1.5,10:00,4,1499.16
279,2026-08-10,4,A (06-14),L2,CIT-L15,1.5,10:00,5,1505.15
280,2026-08-10,4,A (06-14),L2,CIT-L15,1.5,12:00,1,1501.67
280,2026-08-10,4,A (06-14),L2,CIT-L15,1.5,12:00,2,1503.97
280,2026-08-10,4,A (06-14),L2,CIT-L15,1.5,12:00,3,1494.82
280,2026-08-10,4,A (06-14),L2,CIT-L15,1.5,12:00,4,1502.38
280,2026-08-10,4,A (06-14),L2,CIT-L15,1.5,12:00,5,1496.02
281,2026-08-10,4,B (14-22),L2,CIT-L15,1.5,14:00,1,1498.09
281,2026-08-10,4,B (14-22),L2,CIT-L15,1.5,14:00,2,1503.9
281,2026-08-10,4,B (14-22),L2,CIT-L15,1.5,14:00,3,1501.5
281,2026-08-10,4,B (14-22),L2,CIT-L15,1.5,14:00,4,1504.74
281,2026-08-10,4,B (14-22),L2,CIT-L15,1.5,14:00,5,1502.38
282,2026-08-10,4,B (14-22),L2,CIT-L15,1.5,16:00,1,1506.29
282,2026-08-10,4,B (14-22),L2,CIT-L15,1.5,16:00,2,1504.32
282,2026-08-10,4,B (14-22),L2,CIT-L15,1.5,16:00,3,1508.0
282,2026-08-10,4,B (14-22),L2,CIT-L15,1.5,16:00,4,1502.86
282,2026-08-10,4,B (14-22),L2,CIT-L15,1.5,16:00,5,1500.77
283,2026-08-10,4,B (14-22),L2,CIT-L15,1.5,18:00,1,1501.84
283,2026-08-10,4,B (14-22),L2,CIT-L15,1.5,18:00,2,1501.68
283,2026-08-10,4,B (14-22),L2,CIT-L15,1.5,18:00,3,1502.98
283,2026-08-10,4,B (14-22),L2,CIT-L15,1.5,18:00,4,1499.68
283,2026-08-10,4,B (14-22),L2,CIT-L15,1.5,18:00,5,1505.13
284,2026-08-10,4,B (14-22),L2,CIT-L15,1.5,20:00,1,1508.44
284,2026-08-10,4,B (14-22),L2,CIT-L15,1.5,20:00,2,1499.95
284,2026-08-10,4,B (14-22),L2,CIT-L15,1.5,20:00,3,1504.09
284,2026-08-10,4,B (14-22),L2,CIT-L15,1.5,20:00,4,1512.41
284,2026-08-10,4,B (14-22),L2,CIT-L15,1.5,20:00,5,1502.21
285,2026-08-10,4,C (22-06),L2,NEC-D15,1.5,22:00,1,1496.3
285,2026-08-10,4,C (22-06),L2,NEC-D15,1.5,22:00,2,1503.18
285,2026-08-10,4,C (22-06),L2,NEC-D15,1.5,22:00,3,1513.22
285,2026-08-10,4,C (22-06),L2,NEC-D15,1.5,22:00,4,1503.57
285,2026-08-10,4,C (22-06),L2,NEC-D15,1.5,22:00,5,1504.51
286,2026-08-10,4,C (22-06),L2,NEC-D15,1.5,00:00,1,1502.63
286,2026-08-10,4,C (22-06),L2,NEC-D15,1.5,00:00,2,1511.27
286,2026-08-10,4,C (22-06),L2,NEC-D15,1.5,00:00,3,1510.82
286,2026-08-10,4,C (22-06),L2,NEC-D15,1.5,00:00,4,1507.09
286,2026-08-10,4,C (22-06),L2,NEC-D15,1.5,00:00,5,1510.8
287,2026-08-10,4,C (22-06),L2,NEC-D15,1.5,02:00,1,1512.48
287,2026-08-10,4,C (22-06),L2,NEC-D15,1.5,02:00,2,1502.86
287,2026-08-10,4,C (22-06),L2,NEC-D15,1.5,02:00,3,1514.93
287,2026-08-10,4,C (22-06),L2,NEC-D15,1.5,02:00,4,1510.02
287,2026-08-10,4,C (22-06),L2,NEC-D15,1.5,02:00,5,1516.29
288,2026-08-10,4,C (22-06),L2,NEC-D15,1.5,04:00,1,1508.34
288,2026-08-10,4,C (22-06),L2,NEC-D15,1.5,04:00,2,1506.19
288,2026-08-10,4,C (22-06),L2,NEC-D15,1.5,04:00,3,1498.65
288,2026-08-10,4,C (22-06),L2,NEC-D15,1.5,04:00,4,1505.93
288,2026-08-10,4,C (22-06),L2,NEC-D15,1.5,04:00,5,1493.59
289,2026-08-11,4,A (06-14),L2,NEC-D15,1.5,06:00,1,1506.3
289,2026-08-11,4,A (06-14),L2,NEC-D15,1.5,06:00,2,1507.45
289,2026-08-11,4,A (06-14),L2,NEC-D15,1.5,06:00,3,1502.25
289,2026-08-11,4,A (06-14),L2,NEC-D15,1.5,06:00,4,1506.2
289,2026-08-11,4,A (06-14),L2,NEC-D15,1.5,06:00,5,1502.17
290,2026-08-11,4,A (06-14),L2,NEC-D15,1.5,08:00,1,1497.62
290,2026-08-11,4,A (06-14),L2,NEC-D15,1.5,08:00,2,1505.18
290,2026-08-11,4,A (06-14),L2,NEC-D15,1.5,08:00,3,1499.94
290,2026-08-11,4,A (06-14),L2,NEC-D15,1.5,08:00,4,1495.66
290,2026-08-11,4,A (06-14),L2,NEC-D15,1.5,08:00,5,1507.18
291,2026-08-11,4,A (06-14),L2,NEC-D15,1.5,10:00,1,1504.29
291,2026-08-11,4,A (06-14),L2,NEC-D15,1.5,10:00,2,1494.95
291,2026-08-11,4,A (06-14),L2,NEC-D15,1.5,10:00,3,1500.72
291,2026-08-11,4,A (06-14),L2,NEC-D15,1.5,10:00,4,1492.72
291,2026-08-11,4,A (06-14),L2,NEC-D15,1.5,10:00,5,1513.19
292,2026-08-11,4,A (06-14),L2,NEC-D15,1.5,12:00,1,1499.01
292,2026-08-11,4,A (06-14),L2,NEC-D15,1.5,12:00,2,1503.81
292,2026-08-11,4,A (06-14),L2,NEC-D15,1.5,12:00,3,1506.03
292,2026-08-11,4,A (06-14),L2,NEC-D15,1.5,12:00,4,1494.32
292,2026-08-11,4,A (06-14),L2,NEC-D15,1.5,12:00,5,1504.47
293,2026-08-11,4,B (14-22),L2,CIT-L30,3.0,14:00,1,3019.88
293,2026-08-11,4,B (14-22),L2,CIT-L30,3.0,14:00,2,2998.7
293,2026-08-11,4,B (14-22),L2,CIT-L30,3.0,14:00,3,3015.56
293,2026-08-11,4,B (14-22),L2,CIT-L30,3.0,14:00,4,3005.21
293,2026-08-11,4,B (14-22),L2,CIT-L30,3.0,14:00,5,3005.63
294,2026-08-11,4,B (14-22),L2,CIT-L30,3.0,16:00,1,3006.86
294,2026-08-11,4,B (14-22),L2,CIT-L30,3.0,16:00,2,3014.49
294,2026-08-11,4,B (14-22),L2,CIT-L30,3.0,16:00,3,3013.85
294,2026-08-11,4,B (14-22),L2,CIT-L30,3.0,16:00,4,3005.08
294,2026-08-11,4,B (14-22),L2,CIT-L30,3.0,16:00,5,3011.78
295,2026-08-11,4,B (14-22),L2,CIT-L30,3.0,18:00,1,3016.33
295,2026-08-11,4,B (14-22),L2,CIT-L30,3.0,18:00,2,2996.25
295,2026-08-11,4,B (14-22),L2,CIT-L30,3.0,18:00,3,2993.5
295,2026-08-11,4,B (14-22),L2,CIT-L30,3.0,18:00,4,3010.7
295,2026-08-11,4,B (14-22),L2,CIT-L30,3.0,18:00,5,3007.17
296,2026-08-11,4,B (14-22),L2,CIT-L30,3.0,20:00,1,3001.12
296,2026-08-11,4,B (14-22),L2,CIT-L30,3.0,20:00,2,3012.82
296,2026-08-11,4,B (14-22),L2,CIT-L30,3.0,20:00,3,3007.71
296,2026-08-11,4,B (14-22),L2,CIT-L30,3.0,20:00,4,3014.35
296,2026-08-11,4,B (14-22),L2,CIT-L30,3.0,20:00,5,2992.95
297,2026-08-11,4,C (22-06),L2,FUN-B30,3.0,22:00,1,3008.06
297,2026-08-11,4,C (22-06),L2,FUN-B30,3.0,22:00,2,3027.39
297,2026-08-11,4,C (22-06),L2,FUN-B30,3.0,22:00,3,3021.21
297,2026-08-11,4,C (22-06),L2,FUN-B30,3.0,22:00,4,2996.2
297,2026-08-11,4,C (22-06),L2,FUN-B30,3.0,22:00,5,3013.07
298,2026-08-11,4,C (22-06),L2,FUN-B30,3.0,00:00,1,3011.06
298,2026-08-11,4,C (22-06),L2,FUN-B30,3.0,00:00,2,3008.32
298,2026-08-11,4,C (22-06),L2,FUN-B30,3.0,00:00,3,3014.73
298,2026-08-11,4,C (22-06),L2,FUN-B30,3.0,00:00,4,2996.16
298,2026-08-11,4,C (22-06),L2,FUN-B30,3.0,00:00,5,3015.75
299,2026-08-11,4,C (22-06),L2,FUN-B30,3.0,02:00,1,3007.97
299,2026-08-11,4,C (22-06),L2,FUN-B30,3.0,02:00,2,3010.54
299,2026-08-11,4,C (22-06),L2,FUN-B30,3.0,02:00,3,3014.32
299,2026-08-11,4,C (22-06),L2,FUN-B30,3.0,02:00,4,2999.35
299,2026-08-11,4,C (22-06),L2,FUN-B30,3.0,02:00,5,3003.95
300,2026-08-11,4,C (22-06),L2,FUN-B30,3.0,04:00,1,3017.1
300,2026-08-11,4,C (22-06),L2,FUN-B30,3.0,04:00,2,3018.98
300,2026-08-11,4,C (22-06),L2,FUN-B30,3.0,04:00,3,3028.81
300,2026-08-11,4,C (22-06),L2,FUN-B30,3.0,04:00,4,3030.49
300,2026-08-11,4,C (22-06),L2,FUN-B30,3.0,04:00,5,3009.91
301,2026-08-12,4,A (06-14),L2,FUN-B30,3.0,06:00,1,3015.83
301,2026-08-12,4,A (06-14),L2,FUN-B30,3.0,06:00,2,3019.74
301,2026-08-12,4,A (06-14),L2,FUN-B30,3.0,06:00,3,3023.99
301,2026-08-12,4,A (06-14),L2,FUN-B30,3.0,06:00,4,3002.49
301,2026-08-12,4,A (06-14),L2,FUN-B30,3.0,06:00,5,2996.46
302,2026-08-12,4,A (06-14),L2,FUN-B30,3.0,08:00,1,3030.65
302,2026-08-12,4,A (06-14),L2,FUN-B30,3.0,08:00,2,3006.18
302,2026-08-12,4,A (06-14),L2,FUN-B30,3.0,08:00,3,3023.5
302,2026-08-12,4,A (06-14),L2,FUN-B30,3.0,08:00,4,3017.84
302,2026-08-12,4,A (06-14),L2,FUN-B30,3.0,08:00,5,3018.77
303,2026-08-12,4,A (06-14),L2,FUN-B30,3.0,10:00,1,3014.22
303,2026-08-12,4,A (06-14),L2,FUN-B30,3.0,10:00,2,3014.02
303,2026-08-12,4,A (06-14),L2,FUN-B30,3.0,10:00,3,3009.38
303,2026-08-12,4,A (06-14),L2,FUN-B30,3.0,10:00,4,3005.48
303,2026-08-12,4,A (06-14),L2,FUN-B30,3.0,10:00,5,3002.54
304,2026-08-12,4,A (06-14),L2,FUN-B30,3.0,12:00,1,3000.41
304,2026-08-12,4,A (06-14),L2,FUN-B30,3.0,12:00,2,3003.26
304,2026-08-12,4,A (06-14),L2,FUN-B30,3.0,12:00,3,3015.24
304,2026-08-12,4,A (06-14),L2,FUN-B30,3.0,12:00,4,3011.91
304,2026-08-12,4,A (06-14),L2,FUN-B30,3.0,12:00,5,3007.76
305,2026-08-12,4,B (14-22),L2,NEC-D30,3.0,14:00,1,3020.82
305,2026-08-12,4,B (14-22),L2,NEC-D30,3.0,14:00,2,3019.57
305,2026-08-12,4,B (14-22),L2,NEC-D30,3.0,14:00,3,3000.91
305,2026-08-12,4,B (14-22),L2,NEC-D30,3.0,14:00,4,3009.26
305,2026-08-12,4,B (14-22),L2,NEC-D30,3.0,14:00,5,3016.95
306,2026-08-12,4,B (14-22),L2,NEC-D30,3.0,16:00,1,3000.04
306,2026-08-12,4,B (14-22),L2,NEC-D30,3.0,16:00,2,3014.84
306,2026-08-12,4,B (14-22),L2,NEC-D30,3.0,16:00,3,3016.5
306,2026-08-12,4,B (14-22),L2,NEC-D30,3.0,16:00,4,3019.86
306,2026-08-12,4,B (14-22),L2,NEC-D30,3.0,16:00,5,3014.61
307,2026-08-12,4,B (14-22),L2,NEC-D30,3.0,18:00,1,3019.48
307,2026-08-12,4,B (14-22),L2,NEC-D30,3.0,18:00,2,3002.33
307,2026-08-12,4,B (14-22),L2,NEC-D30,3.0,18:00,3,2995.39
307,2026-08-12,4,B (14-22),L2,NEC-D30,3.0,18:00,4,2999.19
307,2026-08-12,4,B (14-22),L2,NEC-D30,3.0,18:00,5,2999.43
308,2026-08-12,4,B (14-22),L2,NEC-D30,3.0,20:00,1,3014.84
308,2026-08-12,4,B (14-22),L2,NEC-D30,3.0,20:00,2,3012.58
308,2026-08-12,4,B (14-22),L2,NEC-D30,3.0,20:00,3,2999.86
308,2026-08-12,4,B (14-22),L2,NEC-D30,3.0,20:00,4,3015.32
308,2026-08-12,4,B (14-22),L2,NEC-D30,3.0,20:00,5,3009.66
309,2026-08-12,4,C (22-06),L2,FUN-B15,1.5,22:00,1,1496.15
309,2026-08-12,4,C (22-06),L2,FUN-B15,1.5,22:00,2,1507.3
309,2026-08-12,4,C (22-06),L2,FUN-B15,1.5,22:00,3,1500.97
309,2026-08-12,4,C (22-06),L2,FUN-B15,1.5,22:00,4,1496.75
309,2026-08-12,4,C (22-06),L2,FUN-B15,1.5,22:00,5,1500.42
310,2026-08-12,4,C (22-06),L2,FUN-B15,1.5,00:00,1,1509.42
310,2026-08-12,4,C (22-06),L2,FUN-B15,1.5,00:00,2,1508.62
310,2026-08-12,4,C (22-06),L2,FUN-B15,1.5,00:00,3,1511.13
310,2026-08-12,4,C (22-06),L2,FUN-B15,1.5,00:00,4,1511.04
310,2026-08-12,4,C (22-06),L2,FUN-B15,1.5,00:00,5,1498.97
311,2026-08-12,4,C (22-06),L2,FUN-B15,1.5,02:00,1,1515.94
311,2026-08-12,4,C (22-06),L2,FUN-B15,1.5,02:00,2,1506.28
311,2026-08-12,4,C (22-06),L2,FUN-B15,1.5,02:00,3,1512.54
311,2026-08-12,4,C (22-06),L2,FUN-B15,1.5,02:00,4,1506.61
311,2026-08-12,4,C (22-06),L2,FUN-B15,1.5,02:00,5,1499.97
312,2026-08-12,4,C (22-06),L2,FUN-B15,1.5,04:00,1,1501.07
312,2026-08-12,4,C (22-06),L2,FUN-B15,1.5,04:00,2,1504.55
312,2026-08-12,4,C (22-06),L2,FUN-B15,1.5,04:00,3,1510.87
312,2026-08-12,4,C (22-06),L2,FUN-B15,1.5,04:00,4,1507.84
312,2026-08-12,4,C (22-06),L2,FUN-B15,1.5,04:00,5,1501.61
313,2026-08-13,4,A (06-14),L2,FUN-B15,1.5,06:00,1,1501.58
313,2026-08-13,4,A (06-14),L2,FUN-B15,1.5,06:00,2,1503.56
313,2026-08-13,4,A (06-14),L2,FUN-B15,1.5,06:00,3,1504.49
313,2026-08-13,4,A (06-14),L2,FUN-B15,1.5,06:00,4,1504.25
313,2026-08-13,4,A (06-14),L2,FUN-B15,1.5,06:00,5,1507.55
314,2026-08-13,4,A (06-14),L2,FUN-B15,1.5,08:00,1,1507.21
314,2026-08-13,4,A (06-14),L2,FUN-B15,1.5,08:00,2,1508.04
314,2026-08-13,4,A (06-14),L2,FUN-B15,1.5,08:00,3,1498.69
314,2026-08-13,4,A (06-14),L2,FUN-B15,1.5,08:00,4,1506.76
314,2026-08-13,4,A (06-14),L2,FUN-B15,1.5,08:00,5,1503.24
315,2026-08-13,4,A (06-14),L2,FUN-B15,1.5,10:00,1,1506.48
315,2026-08-13,4,A (06-14),L2,FUN-B15,1.5,10:00,2,1500.41
315,2026-08-13,4,A (06-14),L2,FUN-B15,1.5,10:00,3,1505.43
315,2026-08-13,4,A (06-14),L2,FUN-B15,1.5,10:00,4,1507.27
315,2026-08-13,4,A (06-14),L2,FUN-B15,1.5,10:00,5,1501.48
316,2026-08-13,4,A (06-14),L2,FUN-B15,1.5,12:00,1,1501.71
316,2026-08-13,4,A (06-14),L2,FUN-B15,1.5,12:00,2,1496.93
316,2026-08-13,4,A (06-14),L2,FUN-B15,1.5,12:00,3,1499.31
316,2026-08-13,4,A (06-14),L2,FUN-B15,1.5,12:00,4,1503.92
316,2026-08-13,4,A (06-14),L2,FUN-B15,1.5,12:00,5,1502.9
317,2026-08-13,4,B (14-22),L2,NEC-D15,1.5,14:00,1,1506.01
317,2026-08-13,4,B (14-22),L2,NEC-D15,1.5,14:00,2,1498.27
317,2026-08-13,4,B (14-22),L2,NEC-D15,1.5,14:00,3,1500.62
317,2026-08-13,4,B (14-22),L2,NEC-D15,1.5,14:00,4,1498.06
317,2026-08-13,4,B (14-22),L2,NEC-D15,1.5,14:00,5,1500.01
318,2026-08-13,4,B (14-22),L2,NEC-D15,1.5,16:00,1,1510.07
318,2026-08-13,4,B (14-22),L2,NEC-D15,1.5,16:00,2,1496.89
318,2026-08-13,4,B (14-22),L2,NEC-D15,1.5,16:00,3,1504.68
318,2026-08-13,4,B (14-22),L2,NEC-D15,1.5,16:00,4,1503.65
318,2026-08-13,4,B (14-22),L2,NEC-D15,1.5,16:00,5,1505.44
319,2026-08-13,4,B (14-22),L2,NEC-D15,1.5,18:00,1,1496.82
319,2026-08-13,4,B (14-22),L2,NEC-D15,1.5,18:00,2,1505.17
319,2026-08-13,4,B (14-22),L2,NEC-D15,1.5,18:00,3,1504.89
319,2026-08-13,4,B (14-22),L2,NEC-D15,1.5,18:00,4,1502.85
319,2026-08-13,4,B (14-22),L2,NEC-D15,1.5,18:00,5,1499.88
320,2026-08-13,4,B (14-22),L2,NEC-D15,1.5,20:00,1,1500.92
320,2026-08-13,4,B (14-22),L2,NEC-D15,1.5,20:00,2,1509.37
320,2026-08-13,4,B (14-22),L2,NEC-D15,1.5,20:00,3,1505.79
320,2026-08-13,4,B (14-22),L2,NEC-D15,1.5,20:00,4,1502.28
320,2026-08-13,4,B (14-22),L2,NEC-D15,1.5,20:00,5,1502.11
321,2026-08-13,4,C (22-06),L2,FUN-B15,1.5,22:00,1,1511.58
321,2026-08-13,4,C (22-06),L2,FUN-B15,1.5,22:00,2,1509.18
321,2026-08-13,4,C (22-06),L2,FUN-B15,1.5,22:00,3,1516.6
321,2026-08-13,4,C (22-06),L2,FUN-B15,1.5,22:00,4,1500.68
321,2026-08-13,4,C (22-06),L2,FUN-B15,1.5,22:00,5,1511.38
322,2026-08-13,4,C (22-06),L2,FUN-B15,1.5,00:00,1,1495.71
322,2026-08-13,4,C (22-06),L2,FUN-B15,1.5,00:00,2,1509.51
322,2026-08-13,4,C (22-06),L2,FUN-B15,1.5,00:00,3,1510.74
322,2026-08-13,4,C (22-06),L2,FUN-B15,1.5,00:00,4,1503.76
322,2026-08-13,4,C (22-06),L2,FUN-B15,1.5,00:00,5,1501.6
323,2026-08-13,4,C (22-06),L2,FUN-B15,1.5,02:00,1,1503.06
323,2026-08-13,4,C (22-06),L2,FUN-B15,1.5,02:00,2,1504.11
323,2026-08-13,4,C (22-06),L2,FUN-B15,1.5,02:00,3,1518.76
323,2026-08-13,4,C (22-06),L2,FUN-B15,1.5,02:00,4,1499.33
323,2026-08-13,4,C (22-06),L2,FUN-B15,1.5,02:00,5,1503.96
324,2026-08-13,4,C (22-06),L2,FUN-B15,1.5,04:00,1,1497.0
324,2026-08-13,4,C (22-06),L2,FUN-B15,1.5,04:00,2,1516.89
324,2026-08-13,4,C (22-06),L2,FUN-B15,1.5,04:00,3,1510.66
324,2026-08-13,4,C (22-06),L2,FUN-B15,1.5,04:00,4,1511.88
324,2026-08-13,4,C (22-06),L2,FUN-B15,1.5,04:00,5,1513.55
325,2026-08-14,4,A (06-14),L2,NEC-D15,1.5,06:00,1,1503.76
325,2026-08-14,4,A (06-14),L2,NEC-D15,1.5,06:00,2,1506.78
325,2026-08-14,4,A (06-14),L2,NEC-D15,1.5,06:00,3,1501.67
325,2026-08-14,4,A (06-14),L2,NEC-D15,1.5,06:00,4,1498.06
325,2026-08-14,4,A (06-14),L2,NEC-D15,1.5,06:00,5,1510.91
326,2026-08-14,4,A (06-14),L2,NEC-D15,1.5,08:00,1,1506.16
326,2026-08-14,4,A (06-14),L2,NEC-D15,1.5,08:00,2,1505.8
326,2026-08-14,4,A (06-14),L2,NEC-D15,1.5,08:00,3,1504.67
326,2026-08-14,4,A (06-14),L2,NEC-D15,1.5,08:00,4,1502.35
326,2026-08-14,4,A (06-14),L2,NEC-D15,1.5,08:00,5,1504.89
327,2026-08-14,4,A (06-14),L2,NEC-D15,1.5,10:00,1,1507.95
327,2026-08-14,4,A (06-14),L2,NEC-D15,1.5,10:00,2,1501.63
327,2026-08-14,4,A (06-14),L2,NEC-D15,1.5,10:00,3,1507.09
327,2026-08-14,4,A (06-14),L2,NEC-D15,1.5,10:00,4,1492.74
327,2026-08-14,4,A (06-14),L2,NEC-D15,1.5,10:00,5,1499.21
328,2026-08-14,4,A (06-14),L2,NEC-D15,1.5,12:00,1,1508.2
328,2026-08-14,4,A (06-14),L2,NEC-D15,1.5,12:00,2,1495.68
328,2026-08-14,4,A (06-14),L2,NEC-D15,1.5,12:00,3,1503.9
328,2026-08-14,4,A (06-14),L2,NEC-D15,1.5,12:00,4,1505.45
328,2026-08-14,4,A (06-14),L2,NEC-D15,1.5,12:00,5,1508.34
329,2026-08-14,4,B (14-22),L2,CIT-L15,1.5,14:00,1,1503.23
329,2026-08-14,4,B (14-22),L2,CIT-L15,1.5,14:00,2,1502.04
329,2026-08-14,4,B (14-22),L2,CIT-L15,1.5,14:00,3,1503.11
329,2026-08-14,4,B (14-22),L2,CIT-L15,1.5,14:00,4,1503.04
329,2026-08-14,4,B (14-22),L2,CIT-L15,1.5,14:00,5,1500.35
330,2026-08-14,4,B (14-22),L2,CIT-L15,1.5,16:00,1,1503.57
330,2026-08-14,4,B (14-22),L2,CIT-L15,1.5,16:00,2,1491.3
330,2026-08-14,4,B (14-22),L2,CIT-L15,1.5,16:00,3,1505.15
330,2026-08-14,4,B (14-22),L2,CIT-L15,1.5,16:00,4,1501.65
330,2026-08-14,4,B (14-22),L2,CIT-L15,1.5,16:00,5,1510.74
331,2026-08-14,4,B (14-22),L2,CIT-L15,1.5,18:00,1,1513.24
331,2026-08-14,4,B (14-22),L2,CIT-L15,1.5,18:00,2,1499.85
331,2026-08-14,4,B (14-22),L2,CIT-L15,1.5,18:00,3,1516.09
331,2026-08-14,4,B (14-22),L2,CIT-L15,1.5,18:00,4,1504.08
331,2026-08-14,4,B (14-22),L2,CIT-L15,1.5,18:00,5,1506.04
332,2026-08-14,4,B (14-22),L2,CIT-L15,1.5,20:00,1,1497.38
332,2026-08-14,4,B (14-22),L2,CIT-L15,1.5,20:00,2,1500.76
332,2026-08-14,4,B (14-22),L2,CIT-L15,1.5,20:00,3,1506.68
332,2026-08-14,4,B (14-22),L2,CIT-L15,1.5,20:00,4,1510.81
332,2026-08-14,4,B (14-22),L2,CIT-L15,1.5,20:00,5,1495.78
333,2026-08-14,4,C (22-06),L2,FUN-B30,3.0,22:00,1,3006.66
333,2026-08-14,4,C (22-06),L2,FUN-B30,3.0,22:00,2,2998.3
333,2026-08-14,4,C (22-06),L2,FUN-B30,3.0,22:00,3,3013.93
333,2026-08-14,4,C (22-06),L2,FUN-B30,3.0,22:00,4,3018.77
333,2026-08-14,4,C (22-06),L2,FUN-B30,3.0,22:00,5,3015.37
334,2026-08-14,4,C (22-06),L2,FUN-B30,3.0,00:00,1,3009.59
334,2026-08-14,4,C (22-06),L2,FUN-B30,3.0,00:00,2,3014.33
334,2026-08-14,4,C (22-06),L2,FUN-B30,3.0,00:00,3,3010.37
334,2026-08-14,4,C (22-06),L2,FUN-B30,3.0,00:00,4,3009.33
334,2026-08-14,4,C (22-06),L2,FUN-B30,3.0,00:00,5,3020.73
335,2026-08-14,4,C (22-06),L2,FUN-B30,3.0,02:00,1,3000.2
335,2026-08-14,4,C (22-06),L2,FUN-B30,3.0,02:00,2,3002.3
335,2026-08-14,4,C (22-06),L2,FUN-B30,3.0,02:00,3,3014.52
335,2026-08-14,4,C (22-06),L2,FUN-B30,3.0,02:00,4,3011.09
335,2026-08-14,4,C (22-06),L2,FUN-B30,3.0,02:00,5,3016.52
336,2026-08-14,4,C (22-06),L2,FUN-B30,3.0,04:00,1,3006.37
336,2026-08-14,4,C (22-06),L2,FUN-B30,3.0,04:00,2,3012.38
336,2026-08-14,4,C (22-06),L2,FUN-B30,3.0,04:00,3,3018.28
336,2026-08-14,4,C (22-06),L2,FUN-B30,3.0,04:00,4,3010.21
336,2026-08-14,4,C (22-06),L2,FUN-B30,3.0,04:00,5,3018.62
337,2026-08-17,5,A (06-14),L1,CIT-L05,0.5,06:00,1,505.72
337,2026-08-17,5,A (06-14),L1,CIT-L05,0.5,06:00,2,501.76
337,2026-08-17,5,A (06-14),L1,CIT-L05,0.5,06:00,3,499.13
337,2026-08-17,5,A (06-14),L1,CIT-L05,0.5,06:00,4,501.62
337,2026-08-17,5,A (06-14),L1,CIT-L05,0.5,06:00,5,502.18
338,2026-08-17,5,A (06-14),L1,CIT-L05,0.5,08:00,1,503.58
338,2026-08-17,5,A (06-14),L1,CIT-L05,0.5,08:00,2,506.08
338,2026-08-17,5,A (06-14),L1,CIT-L05,0.5,08:00,3,503.96
338,2026-08-17,5,A (06-14),L1,CIT-L05,0.5,08:00,4,503.86
338,2026-08-17,5,A (06-14),L1,CIT-L05,0.5,08:00,5,499.98
339,2026-08-17,5,A (06-14),L1,CIT-L05,0.5,10:00,1,500.51
339,2026-08-17,5,A (06-14),L1,CIT-L05,0.5,10:00,2,501.93
339,2026-08-17,5,A (06-14),L1,CIT-L05,0.5,10:00,3,502.2
339,2026-08-17,5,A (06-14),L1,CIT-L05,0.5,10:00,4,503.02
339,2026-08-17,5,A (06-14),L1,CIT-L05,0.5,10:00,5,498.83
340,2026-08-17,5,A (06-14),L1,CIT-L05,0.5,12:00,1,499.75
340,2026-08-17,5,A (06-14),L1,CIT-L05,0.5,12:00,2,502.05
340,2026-08-17,5,A (06-14),L1,CIT-L05,0.5,12:00,3,502.41
340,2026-08-17,5,A (06-14),L1,CIT-L05,0.5,12:00,4,499.59
340,2026-08-17,5,A (06-14),L1,CIT-L05,0.5,12:00,5,502.78
341,2026-08-17,5,B (14-22),L1,NEC-D05,0.5,14:00,1,498.49
341,2026-08-17,5,B (14-22),L1,NEC-D05,0.5,14:00,2,506.03
341,2026-08-17,5,B (14-22),L1,NEC-D05,0.5,14:00,3,500.29
341,2026-08-17,5,B (14-22),L1,NEC-D05,0.5,14:00,4,504.4
341,2026-08-17,5,B (14-22),L1,NEC-D05,0.5,14:00,5,504.29
342,2026-08-17,5,B (14-22),L1,NEC-D05,0.5,16:00,1,504.73
342,2026-08-17,5,B (14-22),L1,NEC-D05,0.5,16:00,2,504.21
342,2026-08-17,5,B (14-22),L1,NEC-D05,0.5,16:00,3,503.55
342,2026-08-17,5,B (14-22),L1,NEC-D05,0.5,16:00,4,503.71
342,2026-08-17,5,B (14-22),L1,NEC-D05,0.5,16:00,5,505.21
343,2026-08-17,5,B (14-22),L1,NEC-D05,0.5,18:00,1,503.79
343,2026-08-17,5,B (14-22),L1,NEC-D05,0.5,18:00,2,500.61
343,2026-08-17,5,B (14-22),L1,NEC-D05,0.5,18:00,3,504.24
343,2026-08-17,5,B (14-22),L1,NEC-D05,0.5,18:00,4,499.85
343,2026-08-17,5,B (14-22),L1,NEC-D05,0.5,18:00,5,503.59
344,2026-08-17,5,B (14-22),L1,NEC-D05,0.5,20:00,1,499.38
344,2026-08-17,5,B (14-22),L1,NEC-D05,0.5,20:00,2,500.14
344,2026-08-17,5,B (14-22),L1,NEC-D05,0.5,20:00,3,501.3
344,2026-08-17,5,B (14-22),L1,NEC-D05,0.5,20:00,4,500.84
344,2026-08-17,5,B (14-22),L1,NEC-D05,0.5,20:00,5,501.78
345,2026-08-18,5,A (06-14),L1,FUN-B05,0.5,06:00,1,503.56
345,2026-08-18,5,A (06-14),L1,FUN-B05,0.5,06:00,2,502.05
345,2026-08-18,5,A (06-14),L1,FUN-B05,0.5,06:00,3,501.85
345,2026-08-18,5,A (06-14),L1,FUN-B05,0.5,06:00,4,499.22
345,2026-08-18,5,A (06-14),L1,FUN-B05,0.5,06:00,5,504.63
346,2026-08-18,5,A (06-14),L1,FUN-B05,0.5,08:00,1,506.26
346,2026-08-18,5,A (06-14),L1,FUN-B05,0.5,08:00,2,505.93
346,2026-08-18,5,A (06-14),L1,FUN-B05,0.5,08:00,3,501.55
346,2026-08-18,5,A (06-14),L1,FUN-B05,0.5,08:00,4,503.57
346,2026-08-18,5,A (06-14),L1,FUN-B05,0.5,08:00,5,504.93
347,2026-08-18,5,A (06-14),L1,FUN-B05,0.5,10:00,1,501.85
347,2026-08-18,5,A (06-14),L1,FUN-B05,0.5,10:00,2,499.54
347,2026-08-18,5,A (06-14),L1,FUN-B05,0.5,10:00,3,505.15
347,2026-08-18,5,A (06-14),L1,FUN-B05,0.5,10:00,4,500.98
347,2026-08-18,5,A (06-14),L1,FUN-B05,0.5,10:00,5,503.56
348,2026-08-18,5,A (06-14),L1,FUN-B05,0.5,12:00,1,501.77
348,2026-08-18,5,A (06-14),L1,FUN-B05,0.5,12:00,2,499.43
348,2026-08-18,5,A (06-14),L1,FUN-B05,0.5,12:00,3,505.41
348,2026-08-18,5,A (06-14),L1,FUN-B05,0.5,12:00,4,500.42
348,2026-08-18,5,A (06-14),L1,FUN-B05,0.5,12:00,5,501.13
349,2026-08-18,5,B (14-22),L1,CIT-L05,0.5,14:00,1,501.24
349,2026-08-18,5,B (14-22),L1,CIT-L05,0.5,14:00,2,503.94
349,2026-08-18,5,B (14-22),L1,CIT-L05,0.5,14:00,3,500.9
349,2026-08-18,5,B (14-22),L1,CIT-L05,0.5,14:00,4,503.39
349,2026-08-18,5,B (14-22),L1,CIT-L05,0.5,14:00,5,499.08
350,2026-08-18,5,B (14-22),L1,CIT-L05,0.5,16:00,1,503.09
350,2026-08-18,5,B (14-22),L1,CIT-L05,0.5,16:00,2,500.62
350,2026-08-18,5,B (14-22),L1,CIT-L05,0.5,16:00,3,501.7
350,2026-08-18,5,B (14-22),L1,CIT-L05,0.5,16:00,4,502.46
350,2026-08-18,5,B (14-22),L1,CIT-L05,0.5,16:00,5,504.18
351,2026-08-18,5,B (14-22),L1,CIT-L05,0.5,18:00,1,500.86
351,2026-08-18,5,B (14-22),L1,CIT-L05,0.5,18:00,2,505.06
351,2026-08-18,5,B (14-22),L1,CIT-L05,0.5,18:00,3,500.5
351,2026-08-18,5,B (14-22),L1,CIT-L05,0.5,18:00,4,498.44
351,2026-08-18,5,B (14-22),L1,CIT-L05,0.5,18:00,5,499.89
352,2026-08-18,5,B (14-22),L1,CIT-L05,0.5,20:00,1,503.33
352,2026-08-18,5,B (14-22),L1,CIT-L05,0.5,20:00,2,503.24
352,2026-08-18,5,B (14-22),L1,CIT-L05,0.5,20:00,3,503.43
352,2026-08-18,5,B (14-22),L1,CIT-L05,0.5,20:00,4,499.74
352,2026-08-18,5,B (14-22),L1,CIT-L05,0.5,20:00,5,502.71
353,2026-08-19,5,A (06-14),L1,CIT-L05,0.5,06:00,1,502.47
353,2026-08-19,5,A (06-14),L1,CIT-L05,0.5,06:00,2,500.42
353,2026-08-19,5,A (06-14),L1,CIT-L05,0.5,06:00,3,501.34
353,2026-08-19,5,A (06-14),L1,CIT-L05,0.5,06:00,4,501.59
353,2026-08-19,5,A (06-14),L1,CIT-L05,0.5,06:00,5,498.47
354,2026-08-19,5,A (06-14),L1,CIT-L05,0.5,08:00,1,501.06
354,2026-08-19,5,A (06-14),L1,CIT-L05,0.5,08:00,2,503.52
354,2026-08-19,5,A (06-14),L1,CIT-L05,0.5,08:00,3,505.19
354,2026-08-19,5,A (06-14),L1,CIT-L05,0.5,08:00,4,502.42
354,2026-08-19,5,A (06-14),L1,CIT-L05,0.5,08:00,5,500.57
355,2026-08-19,5,A (06-14),L1,CIT-L05,0.5,10:00,1,498.52
355,2026-08-19,5,A (06-14),L1,CIT-L05,0.5,10:00,2,499.96
355,2026-08-19,5,A (06-14),L1,CIT-L05,0.5,10:00,3,503.66
355,2026-08-19,5,A (06-14),L1,CIT-L05,0.5,10:00,4,501.28
355,2026-08-19,5,A (06-14),L1,CIT-L05,0.5,10:00,5,504.53
356,2026-08-19,5,A (06-14),L1,CIT-L05,0.5,12:00,1,498.37
356,2026-08-19,5,A (06-14),L1,CIT-L05,0.5,12:00,2,500.7
356,2026-08-19,5,A (06-14),L1,CIT-L05,0.5,12:00,3,500.28
356,2026-08-19,5,A (06-14),L1,CIT-L05,0.5,12:00,4,505.42
356,2026-08-19,5,A (06-14),L1,CIT-L05,0.5,12:00,5,499.35
357,2026-08-19,5,B (14-22),L1,CIT-L05,0.5,14:00,1,501.71
357,2026-08-19,5,B (14-22),L1,CIT-L05,0.5,14:00,2,499.59
357,2026-08-19,5,B (14-22),L1,CIT-L05,0.5,14:00,3,505.94
357,2026-08-19,5,B (14-22),L1,CIT-L05,0.5,14:00,4,501.57
357,2026-08-19,5,B (14-22),L1,CIT-L05,0.5,14:00,5,499.42
358,2026-08-19,5,B (14-22),L1,CIT-L05,0.5,16:00,1,503.08
358,2026-08-19,5,B (14-22),L1,CIT-L05,0.5,16:00,2,502.41
358,2026-08-19,5,B (14-22),L1,CIT-L05,0.5,16:00,3,502.93
358,2026-08-19,5,B (14-22),L1,CIT-L05,0.5,16:00,4,503.04
358,2026-08-19,5,B (14-22),L1,CIT-L05,0.5,16:00,5,501.8
359,2026-08-19,5,B (14-22),L1,CIT-L05,0.5,18:00,1,501.73
359,2026-08-19,5,B (14-22),L1,CIT-L05,0.5,18:00,2,499.64
359,2026-08-19,5,B (14-22),L1,CIT-L05,0.5,18:00,3,505.2
359,2026-08-19,5,B (14-22),L1,CIT-L05,0.5,18:00,4,500.62
359,2026-08-19,5,B (14-22),L1,CIT-L05,0.5,18:00,5,501.65
360,2026-08-19,5,B (14-22),L1,CIT-L05,0.5,20:00,1,502.68
360,2026-08-19,5,B (14-22),L1,CIT-L05,0.5,20:00,2,505.45
360,2026-08-19,5,B (14-22),L1,CIT-L05,0.5,20:00,3,498.72
360,2026-08-19,5,B (14-22),L1,CIT-L05,0.5,20:00,4,503.21
360,2026-08-19,5,B (14-22),L1,CIT-L05,0.5,20:00,5,501.65
361,2026-08-17,5,A (06-14),L2,CIT-L30,3.0,06:00,1,2996.76
361,2026-08-17,5,A (06-14),L2,CIT-L30,3.0,06:00,2,2990.35
361,2026-08-17,5,A (06-14),L2,CIT-L30,3.0,06:00,3,3008.32
361,2026-08-17,5,A (06-14),L2,CIT-L30,3.0,06:00,4,2998.8
361,2026-08-17,5,A (06-14),L2,CIT-L30,3.0,06:00,5,3001.77
362,2026-08-17,5,A (06-14),L2,CIT-L30,3.0,08:00,1,3009.59
362,2026-08-17,5,A (06-14),L2,CIT-L30,3.0,08:00,2,3004.39
362,2026-08-17,5,A (06-14),L2,CIT-L30,3.0,08:00,3,2998.9
362,2026-08-17,5,A (06-14),L2,CIT-L30,3.0,08:00,4,3016.49
362,2026-08-17,5,A (06-14),L2,CIT-L30,3.0,08:00,5,3015.21
363,2026-08-17,5,A (06-14),L2,CIT-L30,3.0,10:00,1,3002.84
363,2026-08-17,5,A (06-14),L2,CIT-L30,3.0,10:00,2,3011.11
363,2026-08-17,5,A (06-14),L2,CIT-L30,3.0,10:00,3,3002.94
363,2026-08-17,5,A (06-14),L2,CIT-L30,3.0,10:00,4,3008.1
363,2026-08-17,5,A (06-14),L2,CIT-L30,3.0,10:00,5,2999.67
364,2026-08-17,5,A (06-14),L2,CIT-L30,3.0,12:00,1,3012.53
364,2026-08-17,5,A (06-14),L2,CIT-L30,3.0,12:00,2,3006.4
364,2026-08-17,5,A (06-14),L2,CIT-L30,3.0,12:00,3,3012.61
364,2026-08-17,5,A (06-14),L2,CIT-L30,3.0,12:00,4,3001.08
364,2026-08-17,5,A (06-14),L2,CIT-L30,3.0,12:00,5,3001.69
365,2026-08-17,5,B (14-22),L2,FUN-B30,3.0,14:00,1,3003.15
365,2026-08-17,5,B (14-22),L2,FUN-B30,3.0,14:00,2,3005.94
365,2026-08-17,5,B (14-22),L2,FUN-B30,3.0,14:00,3,3001.59
365,2026-08-17,5,B (14-22),L2,FUN-B30,3.0,14:00,4,3008.9
365,2026-08-17,5,B (14-22),L2,FUN-B30,3.0,14:00,5,3008.72
366,2026-08-17,5,B (14-22),L2,FUN-B30,3.0,16:00,1,3013.74
366,2026-08-17,5,B (14-22),L2,FUN-B30,3.0,16:00,2,3008.33
366,2026-08-17,5,B (14-22),L2,FUN-B30,3.0,16:00,3,3021.91
366,2026-08-17,5,B (14-22),L2,FUN-B30,3.0,16:00,4,3002.21
366,2026-08-17,5,B (14-22),L2,FUN-B30,3.0,16:00,5,3021.01
367,2026-08-17,5,B (14-22),L2,FUN-B30,3.0,18:00,1,3005.57
367,2026-08-17,5,B (14-22),L2,FUN-B30,3.0,18:00,2,3013.77
367,2026-08-17,5,B (14-22),L2,FUN-B30,3.0,18:00,3,3006.74
367,2026-08-17,5,B (14-22),L2,FUN-B30,3.0,18:00,4,3009.82
367,2026-08-17,5,B (14-22),L2,FUN-B30,3.0,18:00,5,3004.79
368,2026-08-17,5,B (14-22),L2,FUN-B30,3.0,20:00,1,3023.73
368,2026-08-17,5,B (14-22),L2,FUN-B30,3.0,20:00,2,3011.09
368,2026-08-17,5,B (14-22),L2,FUN-B30,3.0,20:00,3,3012.96
368,2026-08-17,5,B (14-22),L2,FUN-B30,3.0,20:00,4,3001.86
368,2026-08-17,5,B (14-22),L2,FUN-B30,3.0,20:00,5,3015.87
369,2026-08-17,5,C (22-06),L2,FUN-B30,3.0,22:00,1,3017.34
369,2026-08-17,5,C (22-06),L2,FUN-B30,3.0,22:00,2,3025.21
369,2026-08-17,5,C (22-06),L2,FUN-B30,3.0,22:00,3,3003.42
369,2026-08-17,5,C (22-06),L2,FUN-B30,3.0,22:00,4,3014.05
369,2026-08-17,5,C (22-06),L2,FUN-B30,3.0,22:00,5,3027.42
370,2026-08-17,5,C (22-06),L2,FUN-B30,3.0,00:00,1,3015.42
370,2026-08-17,5,C (22-06),L2,FUN-B30,3.0,00:00,2,3016.69
370,2026-08-17,5,C (22-06),L2,FUN-B30,3.0,00:00,3,3020.18
370,2026-08-17,5,C (22-06),L2,FUN-B30,3.0,00:00,4,3011.82
370,2026-08-17,5,C (22-06),L2,FUN-B30,3.0,00:00,5,3004.78
371,2026-08-17,5,C (22-06),L2,FUN-B30,3.0,02:00,1,2997.08
371,2026-08-17,5,C (22-06),L2,FUN-B30,3.0,02:00,2,3021.04
371,2026-08-17,5,C (22-06),L2,FUN-B30,3.0,02:00,3,3015.28
371,2026-08-17,5,C (22-06),L2,FUN-B30,3.0,02:00,4,3004.02
371,2026-08-17,5,C (22-06),L2,FUN-B30,3.0,02:00,5,3007.14
372,2026-08-17,5,C (22-06),L2,FUN-B30,3.0,04:00,1,3019.99
372,2026-08-17,5,C (22-06),L2,FUN-B30,3.0,04:00,2,3003.99
372,2026-08-17,5,C (22-06),L2,FUN-B30,3.0,04:00,3,3010.84
372,2026-08-17,5,C (22-06),L2,FUN-B30,3.0,04:00,4,3011.68
372,2026-08-17,5,C (22-06),L2,FUN-B30,3.0,04:00,5,3015.19
373,2026-08-18,5,A (06-14),L2,CIT-L30,3.0,06:00,1,3005.0
373,2026-08-18,5,A (06-14),L2,CIT-L30,3.0,06:00,2,3004.38
373,2026-08-18,5,A (06-14),L2,CIT-L30,3.0,06:00,3,3010.38
373,2026-08-18,5,A (06-14),L2,CIT-L30,3.0,06:00,4,3005.05
373,2026-08-18,5,A (06-14),L2,CIT-L30,3.0,06:00,5,2997.14
374,2026-08-18,5,A (06-14),L2,CIT-L30,3.0,08:00,1,3011.29
374,2026-08-18,5,A (06-14),L2,CIT-L30,3.0,08:00,2,3013.11
374,2026-08-18,5,A (06-14),L2,CIT-L30,3.0,08:00,3,2995.58
374,2026-08-18,5,A (06-14),L2,CIT-L30,3.0,08:00,4,3004.73
374,2026-08-18,5,A (06-14),L2,CIT-L30,3.0,08:00,5,3016.61
375,2026-08-18,5,A (06-14),L2,CIT-L30,3.0,10:00,1,2998.58
375,2026-08-18,5,A (06-14),L2,CIT-L30,3.0,10:00,2,3011.35
375,2026-08-18,5,A (06-14),L2,CIT-L30,3.0,10:00,3,3007.2
375,2026-08-18,5,A (06-14),L2,CIT-L30,3.0,10:00,4,3003.63
375,2026-08-18,5,A (06-14),L2,CIT-L30,3.0,10:00,5,3014.35
376,2026-08-18,5,A (06-14),L2,CIT-L30,3.0,12:00,1,3005.43
376,2026-08-18,5,A (06-14),L2,CIT-L30,3.0,12:00,2,2988.68
376,2026-08-18,5,A (06-14),L2,CIT-L30,3.0,12:00,3,3020.01
376,2026-08-18,5,A (06-14),L2,CIT-L30,3.0,12:00,4,3007.02
376,2026-08-18,5,A (06-14),L2,CIT-L30,3.0,12:00,5,3001.91
377,2026-08-18,5,B (14-22),L2,CIT-L30,3.0,14:00,1,3000.14
377,2026-08-18,5,B (14-22),L2,CIT-L30,3.0,14:00,2,3007.34
377,2026-08-18,5,B (14-22),L2,CIT-L30,3.0,14:00,3,3017.42
377,2026-08-18,5,B (14-22),L2,CIT-L30,3.0,14:00,4,3019.2
377,2026-08-18,5,B (14-22),L2,CIT-L30,3.0,14:00,5,3006.84
378,2026-08-18,5,B (14-22),L2,CIT-L30,3.0,16:00,1,3013.18
378,2026-08-18,5,B (14-22),L2,CIT-L30,3.0,16:00,2,3007.23
378,2026-08-18,5,B (14-22),L2,CIT-L30,3.0,16:00,3,3010.07
378,2026-08-18,5,B (14-22),L2,CIT-L30,3.0,16:00,4,2998.27
378,2026-08-18,5,B (14-22),L2,CIT-L30,3.0,16:00,5,3011.29
379,2026-08-18,5,B (14-22),L2,CIT-L30,3.0,18:00,1,3010.08
379,2026-08-18,5,B (14-22),L2,CIT-L30,3.0,18:00,2,3006.17
379,2026-08-18,5,B (14-22),L2,CIT-L30,3.0,18:00,3,2992.64
379,2026-08-18,5,B (14-22),L2,CIT-L30,3.0,18:00,4,3003.53
379,2026-08-18,5,B (14-22),L2,CIT-L30,3.0,18:00,5,3002.03
380,2026-08-18,5,B (14-22),L2,CIT-L30,3.0,20:00,1,3008.98
380,2026-08-18,5,B (14-22),L2,CIT-L30,3.0,20:00,2,3007.79
380,2026-08-18,5,B (14-22),L2,CIT-L30,3.0,20:00,3,3005.63
380,2026-08-18,5,B (14-22),L2,CIT-L30,3.0,20:00,4,3003.14
380,2026-08-18,5,B (14-22),L2,CIT-L30,3.0,20:00,5,3007.34
381,2026-08-18,5,C (22-06),L2,FUN-B15,1.5,22:00,1,1499.63
381,2026-08-18,5,C (22-06),L2,FUN-B15,1.5,22:00,2,1508.31
381,2026-08-18,5,C (22-06),L2,FUN-B15,1.5,22:00,3,1511.26
381,2026-08-18,5,C (22-06),L2,FUN-B15,1.5,22:00,4,1511.18
381,2026-08-18,5,C (22-06),L2,FUN-B15,1.5,22:00,5,1511.31
382,2026-08-18,5,C (22-06),L2,FUN-B15,1.5,00:00,1,1509.88
382,2026-08-18,5,C (22-06),L2,FUN-B15,1.5,00:00,2,1514.5
382,2026-08-18,5,C (22-06),L2,FUN-B15,1.5,00:00,3,1502.89
382,2026-08-18,5,C (22-06),L2,FUN-B15,1.5,00:00,4,1501.65
382,2026-08-18,5,C (22-06),L2,FUN-B15,1.5,00:00,5,1504.61
383,2026-08-18,5,C (22-06),L2,FUN-B15,1.5,02:00,1,1505.49
383,2026-08-18,5,C (22-06),L2,FUN-B15,1.5,02:00,2,1508.97
383,2026-08-18,5,C (22-06),L2,FUN-B15,1.5,02:00,3,1501.61
383,2026-08-18,5,C (22-06),L2,FUN-B15,1.5,02:00,4,1490.01
383,2026-08-18,5,C (22-06),L2,FUN-B15,1.5,02:00,5,1503.7
384,2026-08-18,5,C (22-06),L2,FUN-B15,1.5,04:00,1,1493.84
384,2026-08-18,5,C (22-06),L2,FUN-B15,1.5,04:00,2,1512.44
384,2026-08-18,5,C (22-06),L2,FUN-B15,1.5,04:00,3,1501.56
384,2026-08-18,5,C (22-06),L2,FUN-B15,1.5,04:00,4,1502.17
384,2026-08-18,5,C (22-06),L2,FUN-B15,1.5,04:00,5,1513.15
385,2026-08-19,5,A (06-14),L2,NEC-D30,3.0,06:00,1,3008.78
385,2026-08-19,5,A (06-14),L2,NEC-D30,3.0,06:00,2,2997.18
385,2026-08-19,5,A (06-14),L2,NEC-D30,3.0,06:00,3,3006.21
385,2026-08-19,5,A (06-14),L2,NEC-D30,3.0,06:00,4,3016.46
385,2026-08-19,5,A (06-14),L2,NEC-D30,3.0,06:00,5,2998.56
386,2026-08-19,5,A (06-14),L2,NEC-D30,3.0,08:00,1,2989.78
386,2026-08-19,5,A (06-14),L2,NEC-D30,3.0,08:00,2,3011.52
386,2026-08-19,5,A (06-14),L2,NEC-D30,3.0,08:00,3,3001.91
386,2026-08-19,5,A (06-14),L2,NEC-D30,3.0,08:00,4,3010.7
386,2026-08-19,5,A (06-14),L2,NEC-D30,3.0,08:00,5,2998.01
387,2026-08-19,5,A (06-14),L2,NEC-D30,3.0,10:00,1,3011.77
387,2026-08-19,5,A (06-14),L2,NEC-D30,3.0,10:00,2,3008.87
387,2026-08-19,5,A (06-14),L2,NEC-D30,3.0,10:00,3,3020.85
387,2026-08-19,5,A (06-14),L2,NEC-D30,3.0,10:00,4,3013.75
387,2026-08-19,5,A (06-14),L2,NEC-D30,3.0,10:00,5,3020.43
388,2026-08-19,5,A (06-14),L2,NEC-D30,3.0,12:00,1,3008.06
388,2026-08-19,5,A (06-14),L2,NEC-D30,3.0,12:00,2,3006.01
388,2026-08-19,5,A (06-14),L2,NEC-D30,3.0,12:00,3,3002.45
388,2026-08-19,5,A (06-14),L2,NEC-D30,3.0,12:00,4,3004.51
388,2026-08-19,5,A (06-14),L2,NEC-D30,3.0,12:00,5,2986.33
389,2026-08-19,5,B (14-22),L2,CIT-L30,3.0,14:00,1,2997.53
389,2026-08-19,5,B (14-22),L2,CIT-L30,3.0,14:00,2,2996.55
389,2026-08-19,5,B (14-22),L2,CIT-L30,3.0,14:00,3,3002.98
389,2026-08-19,5,B (14-22),L2,CIT-L30,3.0,14:00,4,3019.96
389,2026-08-19,5,B (14-22),L2,CIT-L30,3.0,14:00,5,3007.34
390,2026-08-19,5,B (14-22),L2,CIT-L30,3.0,16:00,1,3003.06
390,2026-08-19,5,B (14-22),L2,CIT-L30,3.0,16:00,2,3010.29
390,2026-08-19,5,B (14-22),L2,CIT-L30,3.0,16:00,3,3014.9
390,2026-08-19,5,B (14-22),L2,CIT-L30,3.0,16:00,4,3014.45
390,2026-08-19,5,B (14-22),L2,CIT-L30,3.0,16:00,5,3005.22
391,2026-08-19,5,B (14-22),L2,CIT-L30,3.0,18:00,1,2989.35
391,2026-08-19,5,B (14-22),L2,CIT-L30,3.0,18:00,2,3011.23
391,2026-08-19,5,B (14-22),L2,CIT-L30,3.0,18:00,3,3000.49
391,2026-08-19,5,B (14-22),L2,CIT-L30,3.0,18:00,4,3007.39
391,2026-08-19,5,B (14-22),L2,CIT-L30,3.0,18:00,5,2999.46
392,2026-08-19,5,B (14-22),L2,CIT-L30,3.0,20:00,1,3028.29
392,2026-08-19,5,B (14-22),L2,CIT-L30,3.0,20:00,2,3015.05
392,2026-08-19,5,B (14-22),L2,CIT-L30,3.0,20:00,3,3001.18
392,2026-08-19,5,B (14-22),L2,CIT-L30,3.0,20:00,4,2986.1
392,2026-08-19,5,B (14-22),L2,CIT-L30,3.0,20:00,5,3011.56
393,2026-08-19,5,C (22-06),L2,NEC-D30,3.0,22:00,1,3001.47
393,2026-08-19,5,C (22-06),L2,NEC-D30,3.0,22:00,2,3014.92
393,2026-08-19,5,C (22-06),L2,NEC-D30,3.0,22:00,3,3022.32
393,2026-08-19,5,C (22-06),L2,NEC-D30,3.0,22:00,4,3014.6
393,2026-08-19,5,C (22-06),L2,NEC-D30,3.0,22:00,5,3033.67
394,2026-08-19,5,C (22-06),L2,NEC-D30,3.0,00:00,1,2999.69
394,2026-08-19,5,C (22-06),L2,NEC-D30,3.0,00:00,2,3017.19
394,2026-08-19,5,C (22-06),L2,NEC-D30,3.0,00:00,3,3009.16
394,2026-08-19,5,C (22-06),L2,NEC-D30,3.0,00:00,4,3003.77
394,2026-08-19,5,C (22-06),L2,NEC-D30,3.0,00:00,5,3031.05
395,2026-08-19,5,C (22-06),L2,NEC-D30,3.0,02:00,1,3004.24
395,2026-08-19,5,C (22-06),L2,NEC-D30,3.0,02:00,2,3008.48
395,2026-08-19,5,C (22-06),L2,NEC-D30,3.0,02:00,3,3027.2
395,2026-08-19,5,C (22-06),L2,NEC-D30,3.0,02:00,4,2983.53
395,2026-08-19,5,C (22-06),L2,NEC-D30,3.0,02:00,5,3003.38
396,2026-08-19,5,C (22-06),L2,NEC-D30,3.0,04:00,1,3035.12
396,2026-08-19,5,C (22-06),L2,NEC-D30,3.0,04:00,2,3010.98
396,2026-08-19,5,C (22-06),L2,NEC-D30,3.0,04:00,3,3011.58
396,2026-08-19,5,C (22-06),L2,NEC-D30,3.0,04:00,4,3012.71
396,2026-08-19,5,C (22-06),L2,NEC-D30,3.0,04:00,5,3021.85
397,2026-08-20,5,A (06-14),L2,NEC-D30,3.0,06:00,1,3012.52
397,2026-08-20,5,A (06-14),L2,NEC-D30,3.0,06:00,2,3008.9
397,2026-08-20,5,A (06-14),L2,NEC-D30,3.0,06:00,3,3018.37
397,2026-08-20,5,A (06-14),L2,NEC-D30,3.0,06:00,4,2991.64
397,2026-08-20,5,A (06-14),L2,NEC-D30,3.0,06:00,5,2999.36
398,2026-08-20,5,A (06-14),L2,NEC-D30,3.0,08:00,1,3008.31
398,2026-08-20,5,A (06-14),L2,NEC-D30,3.0,08:00,2,3012.76
398,2026-08-20,5,A (06-14),L2,NEC-D30,3.0,08:00,3,3026.94
398,2026-08-20,5,A (06-14),L2,NEC-D30,3.0,08:00,4,3004.99
398,2026-08-20,5,A (06-14),L2,NEC-D30,3.0,08:00,5,3011.48
399,2026-08-20,5,A (06-14),L2,NEC-D30,3.0,10:00,1,3014.62
399,2026-08-20,5,A (06-14),L2,NEC-D30,3.0,10:00,2,3003.97
399,2026-08-20,5,A (06-14),L2,NEC-D30,3.0,10:00,3,2988.85
399,2026-08-20,5,A (06-14),L2,NEC-D30,3.0,10:00,4,2995.4
399,2026-08-20,5,A (06-14),L2,NEC-D30,3.0,10:00,5,3003.7
400,2026-08-20,5,A (06-14),L2,NEC-D30,3.0,12:00,1,3000.79
400,2026-08-20,5,A (06-14),L2,NEC-D30,3.0,12:00,2,3004.8
400,2026-08-20,5,A (06-14),L2,NEC-D30,3.0,12:00,3,3005.73
400,2026-08-20,5,A (06-14),L2,NEC-D30,3.0,12:00,4,3008.06
400,2026-08-20,5,A (06-14),L2,NEC-D30,3.0,12:00,5,3008.9
401,2026-08-20,5,B (14-22),L2,FUN-B15,1.5,14:00,1,1505.77
401,2026-08-20,5,B (14-22),L2,FUN-B15,1.5,14:00,2,1503.8
401,2026-08-20,5,B (14-22),L2,FUN-B15,1.5,14:00,3,1496.35
401,2026-08-20,5,B (14-22),L2,FUN-B15,1.5,14:00,4,1502.47
401,2026-08-20,5,B (14-22),L2,FUN-B15,1.5,14:00,5,1502.28
402,2026-08-20,5,B (14-22),L2,FUN-B15,1.5,16:00,1,1503.64
402,2026-08-20,5,B (14-22),L2,FUN-B15,1.5,16:00,2,1506.77
402,2026-08-20,5,B (14-22),L2,FUN-B15,1.5,16:00,3,1501.11
402,2026-08-20,5,B (14-22),L2,FUN-B15,1.5,16:00,4,1502.64
402,2026-08-20,5,B (14-22),L2,FUN-B15,1.5,16:00,5,1504.41
403,2026-08-20,5,B (14-22),L2,FUN-B15,1.5,18:00,1,1510.13
403,2026-08-20,5,B (14-22),L2,FUN-B15,1.5,18:00,2,1505.26
403,2026-08-20,5,B (14-22),L2,FUN-B15,1.5,18:00,3,1503.79
403,2026-08-20,5,B (14-22),L2,FUN-B15,1.5,18:00,4,1498.93
403,2026-08-20,5,B (14-22),L2,FUN-B15,1.5,18:00,5,1503.54
404,2026-08-20,5,B (14-22),L2,FUN-B15,1.5,20:00,1,1506.23
404,2026-08-20,5,B (14-22),L2,FUN-B15,1.5,20:00,2,1504.92
404,2026-08-20,5,B (14-22),L2,FUN-B15,1.5,20:00,3,1508.95
404,2026-08-20,5,B (14-22),L2,FUN-B15,1.5,20:00,4,1504.56
404,2026-08-20,5,B (14-22),L2,FUN-B15,1.5,20:00,5,1503.8
405,2026-08-20,5,C (22-06),L2,CIT-L30,3.0,22:00,1,2996.81
405,2026-08-20,5,C (22-06),L2,CIT-L30,3.0,22:00,2,3025.19
405,2026-08-20,5,C (22-06),L2,CIT-L30,3.0,22:00,3,3025.95
405,2026-08-20,5,C (22-06),L2,CIT-L30,3.0,22:00,4,3017.1
405,2026-08-20,5,C (22-06),L2,CIT-L30,3.0,22:00,5,3018.37
406,2026-08-20,5,C (22-06),L2,CIT-L30,3.0,00:00,1,3000.23
406,2026-08-20,5,C (22-06),L2,CIT-L30,3.0,00:00,2,3025.34
406,2026-08-20,5,C (22-06),L2,CIT-L30,3.0,00:00,3,3002.82
406,2026-08-20,5,C (22-06),L2,CIT-L30,3.0,00:00,4,3013.97
406,2026-08-20,5,C (22-06),L2,CIT-L30,3.0,00:00,5,3005.24
407,2026-08-20,5,C (22-06),L2,CIT-L30,3.0,02:00,1,3018.66
407,2026-08-20,5,C (22-06),L2,CIT-L30,3.0,02:00,2,3019.37
407,2026-08-20,5,C (22-06),L2,CIT-L30,3.0,02:00,3,3012.64
407,2026-08-20,5,C (22-06),L2,CIT-L30,3.0,02:00,4,3025.69
407,2026-08-20,5,C (22-06),L2,CIT-L30,3.0,02:00,5,2974.2
408,2026-08-20,5,C (22-06),L2,CIT-L30,3.0,04:00,1,3002.26
408,2026-08-20,5,C (22-06),L2,CIT-L30,3.0,04:00,2,3015.76
408,2026-08-20,5,C (22-06),L2,CIT-L30,3.0,04:00,3,3013.42
408,2026-08-20,5,C (22-06),L2,CIT-L30,3.0,04:00,4,3007.64
408,2026-08-20,5,C (22-06),L2,CIT-L30,3.0,04:00,5,3018.03
409,2026-08-21,5,A (06-14),L2,NEC-D15,1.5,06:00,1,1493.06
409,2026-08-21,5,A (06-14),L2,NEC-D15,1.5,06:00,2,1496.86
409,2026-08-21,5,A (06-14),L2,NEC-D15,1.5,06:00,3,1502.31
409,2026-08-21,5,A (06-14),L2,NEC-D15,1.5,06:00,4,1507.63
409,2026-08-21,5,A (06-14),L2,NEC-D15,1.5,06:00,5,1495.43
410,2026-08-21,5,A (06-14),L2,NEC-D15,1.5,08:00,1,1504.4
410,2026-08-21,5,A (06-14),L2,NEC-D15,1.5,08:00,2,1498.67
410,2026-08-21,5,A (06-14),L2,NEC-D15,1.5,08:00,3,1509.17
410,2026-08-21,5,A (06-14),L2,NEC-D15,1.5,08:00,4,1508.05
410,2026-08-21,5,A (06-14),L2,NEC-D15,1.5,08:00,5,1504.16
411,2026-08-21,5,A (06-14),L2,NEC-D15,1.5,10:00,1,1505.9
411,2026-08-21,5,A (06-14),L2,NEC-D15,1.5,10:00,2,1505.24
411,2026-08-21,5,A (06-14),L2,NEC-D15,1.5,10:00,3,1504.33
411,2026-08-21,5,A (06-14),L2,NEC-D15,1.5,10:00,4,1502.25
411,2026-08-21,5,A (06-14),L2,NEC-D15,1.5,10:00,5,1505.82
412,2026-08-21,5,A (06-14),L2,NEC-D15,1.5,12:00,1,1495.59
412,2026-08-21,5,A (06-14),L2,NEC-D15,1.5,12:00,2,1503.31
412,2026-08-21,5,A (06-14),L2,NEC-D15,1.5,12:00,3,1504.87
412,2026-08-21,5,A (06-14),L2,NEC-D15,1.5,12:00,4,1493.67
412,2026-08-21,5,A (06-14),L2,NEC-D15,1.5,12:00,5,1502.39
413,2026-08-21,5,B (14-22),L2,FUN-B30,3.0,14:00,1,3004.04
413,2026-08-21,5,B (14-22),L2,FUN-B30,3.0,14:00,2,3009.85
413,2026-08-21,5,B (14-22),L2,FUN-B30,3.0,14:00,3,2994.54
413,2026-08-21,5,B (14-22),L2,FUN-B30,3.0,14:00,4,3010.72
413,2026-08-21,5,B (14-22),L2,FUN-B30,3.0,14:00,5,3017.05
414,2026-08-21,5,B (14-22),L2,FUN-B30,3.0,16:00,1,2997.21
414,2026-08-21,5,B (14-22),L2,FUN-B30,3.0,16:00,2,3010.67
414,2026-08-21,5,B (14-22),L2,FUN-B30,3.0,16:00,3,3010.08
414,2026-08-21,5,B (14-22),L2,FUN-B30,3.0,16:00,4,2999.97
414,2026-08-21,5,B (14-22),L2,FUN-B30,3.0,16:00,5,3002.81
415,2026-08-21,5,B (14-22),L2,FUN-B30,3.0,18:00,1,2999.04
415,2026-08-21,5,B (14-22),L2,FUN-B30,3.0,18:00,2,3012.94
415,2026-08-21,5,B (14-22),L2,FUN-B30,3.0,18:00,3,2998.62
415,2026-08-21,5,B (14-22),L2,FUN-B30,3.0,18:00,4,3000.03
415,2026-08-21,5,B (14-22),L2,FUN-B30,3.0,18:00,5,3000.75
416,2026-08-21,5,B (14-22),L2,FUN-B30,3.0,20:00,1,3019.15
416,2026-08-21,5,B (14-22),L2,FUN-B30,3.0,20:00,2,3010.56
416,2026-08-21,5,B (14-22),L2,FUN-B30,3.0,20:00,3,3013.93
416,2026-08-21,5,B (14-22),L2,FUN-B30,3.0,20:00,4,3003.37
416,2026-08-21,5,B (14-22),L2,FUN-B30,3.0,20:00,5,3025.52
417,2026-08-21,5,C (22-06),L2,FUN-B15,1.5,22:00,1,1500.73
417,2026-08-21,5,C (22-06),L2,FUN-B15,1.5,22:00,2,1515.27
417,2026-08-21,5,C (22-06),L2,FUN-B15,1.5,22:00,3,1509.04
417,2026-08-21,5,C (22-06),L2,FUN-B15,1.5,22:00,4,1507.59
417,2026-08-21,5,C (22-06),L2,FUN-B15,1.5,22:00,5,1515.3
418,2026-08-21,5,C (22-06),L2,FUN-B15,1.5,00:00,1,1515.2
418,2026-08-21,5,C (22-06),L2,FUN-B15,1.5,00:00,2,1503.68
418,2026-08-21,5,C (22-06),L2,FUN-B15,1.5,00:00,3,1512.42
418,2026-08-21,5,C (22-06),L2,FUN-B15,1.5,00:00,4,1503.86
418,2026-08-21,5,C (22-06),L2,FUN-B15,1.5,00:00,5,1505.48
419,2026-08-21,5,C (22-06),L2,FUN-B15,1.5,02:00,1,1514.86
419,2026-08-21,5,C (22-06),L2,FUN-B15,1.5,02:00,2,1492.86
419,2026-08-21,5,C (22-06),L2,FUN-B15,1.5,02:00,3,1506.07
419,2026-08-21,5,C (22-06),L2,FUN-B15,1.5,02:00,4,1500.7
419,2026-08-21,5,C (22-06),L2,FUN-B15,1.5,02:00,5,1514.22
420,2026-08-21,5,C (22-06),L2,FUN-B15,1.5,04:00,1,1513.33
420,2026-08-21,5,C (22-06),L2,FUN-B15,1.5,04:00,2,1494.64
420,2026-08-21,5,C (22-06),L2,FUN-B15,1.5,04:00,3,1501.12
420,2026-08-21,5,C (22-06),L2,FUN-B15,1.5,04:00,4,1497.06
420,2026-08-21,5,C (22-06),L2,FUN-B15,1.5,04:00,5,1518.92
421,2026-08-24,6,A (06-14),L1,CIT-L05,0.5,06:00,1,508.12
421,2026-08-24,6,A (06-14),L1,CIT-L05,0.5,06:00,2,503.98
421,2026-08-24,6,A (06-14),L1,CIT-L05,0.5,06:00,3,508.88
421,2026-08-24,6,A (06-14),L1,CIT-L05,0.5,06:00,4,506.05
421,2026-08-24,6,A (06-14),L1,CIT-L05,0.5,06:00,5,508.5
422,2026-08-24,6,A (06-14),L1,CIT-L05,0.5,08:00,1,503.72
422,2026-08-24,6,A (06-14),L1,CIT-L05,0.5,08:00,2,508.88
422,2026-08-24,6,A (06-14),L1,CIT-L05,0.5,08:00,3,506.77
422,2026-08-24,6,A (06-14),L1,CIT-L05,0.5,08:00,4,507.05
422,2026-08-24,6,A (06-14),L1,CIT-L05,0.5,08:00,5,504.45
423,2026-08-24,6,A (06-14),L1,CIT-L05,0.5,10:00,1,500.92
423,2026-08-24,6,A (06-14),L1,CIT-L05,0.5,10:00,2,506.11
423,2026-08-24,6,A (06-14),L1,CIT-L05,0.5,10:00,3,507.22
423,2026-08-24,6,A (06-14),L1,CIT-L05,0.5,10:00,4,504.18
423,2026-08-24,6,A (06-14),L1,CIT-L05,0.5,10:00,5,503.41
424,2026-08-24,6,A (06-14),L1,CIT-L05,0.5,12:00,1,506.5
424,2026-08-24,6,A (06-14),L1,CIT-L05,0.5,12:00,2,503.1
424,2026-08-24,6,A (06-14),L1,CIT-L05,0.5,12:00,3,504.69
424,2026-08-24,6,A (06-14),L1,CIT-L05,0.5,12:00,4,507.53
424,2026-08-24,6,A (06-14),L1,CIT-L05,0.5,12:00,5,507.15
425,2026-08-24,6,B (14-22),L1,NEC-D05,0.5,14:00,1,508.68
425,2026-08-24,6,B (14-22),L1,NEC-D05,0.5,14:00,2,504.69
425,2026-08-24,6,B (14-22),L1,NEC-D05,0.5,14:00,3,508.28
425,2026-08-24,6,B (14-22),L1,NEC-D05,0.5,14:00,4,504.3
425,2026-08-24,6,B (14-22),L1,NEC-D05,0.5,14:00,5,505.42
426,2026-08-24,6,B (14-22),L1,NEC-D05,0.5,16:00,1,503.79
426,2026-08-24,6,B (14-22),L1,NEC-D05,0.5,16:00,2,504.03
426,2026-08-24,6,B (14-22),L1,NEC-D05,0.5,16:00,3,504.3
426,2026-08-24,6,B (14-22),L1,NEC-D05,0.5,16:00,4,508.75
426,2026-08-24,6,B (14-22),L1,NEC-D05,0.5,16:00,5,506.28
427,2026-08-24,6,B (14-22),L1,NEC-D05,0.5,18:00,1,507.51
427,2026-08-24,6,B (14-22),L1,NEC-D05,0.5,18:00,2,505.64
427,2026-08-24,6,B (14-22),L1,NEC-D05,0.5,18:00,3,504.94
427,2026-08-24,6,B (14-22),L1,NEC-D05,0.5,18:00,4,507.51
427,2026-08-24,6,B (14-22),L1,NEC-D05,0.5,18:00,5,509.0
428,2026-08-24,6,B (14-22),L1,NEC-D05,0.5,20:00,1,506.47
428,2026-08-24,6,B (14-22),L1,NEC-D05,0.5,20:00,2,506.59
428,2026-08-24,6,B (14-22),L1,NEC-D05,0.5,20:00,3,508.29
428,2026-08-24,6,B (14-22),L1,NEC-D05,0.5,20:00,4,507.14
428,2026-08-24,6,B (14-22),L1,NEC-D05,0.5,20:00,5,507.14
429,2026-08-25,6,A (06-14),L1,CIT-L05,0.5,06:00,1,507.23
429,2026-08-25,6,A (06-14),L1,CIT-L05,0.5,06:00,2,505.2
429,2026-08-25,6,A (06-14),L1,CIT-L05,0.5,06:00,3,505.28
429,2026-08-25,6,A (06-14),L1,CIT-L05,0.5,06:00,4,506.03
429,2026-08-25,6,A (06-14),L1,CIT-L05,0.5,06:00,5,503.43
430,2026-08-25,6,A (06-14),L1,CIT-L05,0.5,08:00,1,506.39
430,2026-08-25,6,A (06-14),L1,CIT-L05,0.5,08:00,2,504.23
430,2026-08-25,6,A (06-14),L1,CIT-L05,0.5,08:00,3,506.9
430,2026-08-25,6,A (06-14),L1,CIT-L05,0.5,08:00,4,504.58
430,2026-08-25,6,A (06-14),L1,CIT-L05,0.5,08:00,5,506.28
431,2026-08-25,6,A (06-14),L1,CIT-L05,0.5,10:00,1,506.31
431,2026-08-25,6,A (06-14),L1,CIT-L05,0.5,10:00,2,506.93
431,2026-08-25,6,A (06-14),L1,CIT-L05,0.5,10:00,3,507.13
431,2026-08-25,6,A (06-14),L1,CIT-L05,0.5,10:00,4,505.54
431,2026-08-25,6,A (06-14),L1,CIT-L05,0.5,10:00,5,504.94
432,2026-08-25,6,A (06-14),L1,CIT-L05,0.5,12:00,1,508.46
432,2026-08-25,6,A (06-14),L1,CIT-L05,0.5,12:00,2,507.86
432,2026-08-25,6,A (06-14),L1,CIT-L05,0.5,12:00,3,504.63
432,2026-08-25,6,A (06-14),L1,CIT-L05,0.5,12:00,4,505.0
432,2026-08-25,6,A (06-14),L1,CIT-L05,0.5,12:00,5,506.79
433,2026-08-25,6,B (14-22),L1,FUN-B05,0.5,14:00,1,505.11
433,2026-08-25,6,B (14-22),L1,FUN-B05,0.5,14:00,2,506.47
433,2026-08-25,6,B (14-22),L1,FUN-B05,0.5,14:00,3,504.27
433,2026-08-25,6,B (14-22),L1,FUN-B05,0.5,14:00,4,505.93
433,2026-08-25,6,B (14-22),L1,FUN-B05,0.5,14:00,5,508.93
434,2026-08-25,6,B (14-22),L1,FUN-B05,0.5,16:00,1,503.19
434,2026-08-25,6,B (14-22),L1,FUN-B05,0.5,16:00,2,505.52
434,2026-08-25,6,B (14-22),L1,FUN-B05,0.5,16:00,3,508.05
434,2026-08-25,6,B (14-22),L1,FUN-B05,0.5,16:00,4,506.29
434,2026-08-25,6,B (14-22),L1,FUN-B05,0.5,16:00,5,504.61
435,2026-08-25,6,B (14-22),L1,FUN-B05,0.5,18:00,1,508.85
435,2026-08-25,6,B (14-22),L1,FUN-B05,0.5,18:00,2,507.02
435,2026-08-25,6,B (14-22),L1,FUN-B05,0.5,18:00,3,503.08
435,2026-08-25,6,B (14-22),L1,FUN-B05,0.5,18:00,4,506.91
435,2026-08-25,6,B (14-22),L1,FUN-B05,0.5,18:00,5,502.53
436,2026-08-25,6,B (14-22),L1,FUN-B05,0.5,20:00,1,503.53
436,2026-08-25,6,B (14-22),L1,FUN-B05,0.5,20:00,2,506.05
436,2026-08-25,6,B (14-22),L1,FUN-B05,0.5,20:00,3,505.19
436,2026-08-25,6,B (14-22),L1,FUN-B05,0.5,20:00,4,504.85
436,2026-08-25,6,B (14-22),L1,FUN-B05,0.5,20:00,5,505.83
437,2026-08-26,6,A (06-14),L1,NEC-D05,0.5,06:00,1,507.1
437,2026-08-26,6,A (06-14),L1,NEC-D05,0.5,06:00,2,506.53
437,2026-08-26,6,A (06-14),L1,NEC-D05,0.5,06:00,3,503.08
437,2026-08-26,6,A (06-14),L1,NEC-D05,0.5,06:00,4,504.98
437,2026-08-26,6,A (06-14),L1,NEC-D05,0.5,06:00,5,506.31
438,2026-08-26,6,A (06-14),L1,NEC-D05,0.5,08:00,1,505.95
438,2026-08-26,6,A (06-14),L1,NEC-D05,0.5,08:00,2,505.75
438,2026-08-26,6,A (06-14),L1,NEC-D05,0.5,08:00,3,506.07
438,2026-08-26,6,A (06-14),L1,NEC-D05,0.5,08:00,4,509.74
438,2026-08-26,6,A (06-14),L1,NEC-D05,0.5,08:00,5,503.87
439,2026-08-26,6,A (06-14),L1,NEC-D05,0.5,10:00,1,507.51
439,2026-08-26,6,A (06-14),L1,NEC-D05,0.5,10:00,2,504.32
439,2026-08-26,6,A (06-14),L1,NEC-D05,0.5,10:00,3,506.54
439,2026-08-26,6,A (06-14),L1,NEC-D05,0.5,10:00,4,505.8
439,2026-08-26,6,A (06-14),L1,NEC-D05,0.5,10:00,5,503.69
440,2026-08-26,6,A (06-14),L1,NEC-D05,0.5,12:00,1,506.35
440,2026-08-26,6,A (06-14),L1,NEC-D05,0.5,12:00,2,511.93
440,2026-08-26,6,A (06-14),L1,NEC-D05,0.5,12:00,3,505.46
440,2026-08-26,6,A (06-14),L1,NEC-D05,0.5,12:00,4,506.27
440,2026-08-26,6,A (06-14),L1,NEC-D05,0.5,12:00,5,507.49
441,2026-08-26,6,B (14-22),L1,FUN-B05,0.5,14:00,1,503.96
441,2026-08-26,6,B (14-22),L1,FUN-B05,0.5,14:00,2,507.14
441,2026-08-26,6,B (14-22),L1,FUN-B05,0.5,14:00,3,504.52
441,2026-08-26,6,B (14-22),L1,FUN-B05,0.5,14:00,4,508.28
441,2026-08-26,6,B (14-22),L1,FUN-B05,0.5,14:00,5,502.42
442,2026-08-26,6,B (14-22),L1,FUN-B05,0.5,16:00,1,502.72
442,2026-08-26,6,B (14-22),L1,FUN-B05,0.5,16:00,2,509.72
442,2026-08-26,6,B (14-22),L1,FUN-B05,0.5,16:00,3,501.3
442,2026-08-26,6,B (14-22),L1,FUN-B05,0.5,16:00,4,502.29
442,2026-08-26,6,B (14-22),L1,FUN-B05,0.5,16:00,5,507.62
443,2026-08-26,6,B (14-22),L1,FUN-B05,0.5,18:00,1,506.57
443,2026-08-26,6,B (14-22),L1,FUN-B05,0.5,18:00,2,506.31
443,2026-08-26,6,B (14-22),L1,FUN-B05,0.5,18:00,3,507.1
443,2026-08-26,6,B (14-22),L1,FUN-B05,0.5,18:00,4,505.16
443,2026-08-26,6,B (14-22),L1,FUN-B05,0.5,18:00,5,510.21
444,2026-08-26,6,B (14-22),L1,FUN-B05,0.5,20:00,1,499.73
444,2026-08-26,6,B (14-22),L1,FUN-B05,0.5,20:00,2,505.3
444,2026-08-26,6,B (14-22),L1,FUN-B05,0.5,20:00,3,502.3
444,2026-08-26,6,B (14-22),L1,FUN-B05,0.5,20:00,4,506.01
444,2026-08-26,6,B (14-22),L1,FUN-B05,0.5,20:00,5,507.79
445,2026-08-24,6,A (06-14),L2,NEC-D30,3.0,06:00,1,2990.7
445,2026-08-24,6,A (06-14),L2,NEC-D30,3.0,06:00,2,3016.91
445,2026-08-24,6,A (06-14),L2,NEC-D30,3.0,06:00,3,3006.44
445,2026-08-24,6,A (06-14),L2,NEC-D30,3.0,06:00,4,3000.19
445,2026-08-24,6,A (06-14),L2,NEC-D30,3.0,06:00,5,3008.27
446,2026-08-24,6,A (06-14),L2,NEC-D30,3.0,08:00,1,2981.15
446,2026-08-24,6,A (06-14),L2,NEC-D30,3.0,08:00,2,3011.6
446,2026-08-24,6,A (06-14),L2,NEC-D30,3.0,08:00,3,2998.13
446,2026-08-24,6,A (06-14),L2,NEC-D30,3.0,08:00,4,3003.26
446,2026-08-24,6,A (06-14),L2,NEC-D30,3.0,08:00,5,3001.42
447,2026-08-24,6,A (06-14),L2,NEC-D30,3.0,10:00,1,3019.74
447,2026-08-24,6,A (06-14),L2,NEC-D30,3.0,10:00,2,3006.67
447,2026-08-24,6,A (06-14),L2,NEC-D30,3.0,10:00,3,2999.79
447,2026-08-24,6,A (06-14),L2,NEC-D30,3.0,10:00,4,3002.15
447,2026-08-24,6,A (06-14),L2,NEC-D30,3.0,10:00,5,3010.41
448,2026-08-24,6,A (06-14),L2,NEC-D30,3.0,12:00,1,2994.03
448,2026-08-24,6,A (06-14),L2,NEC-D30,3.0,12:00,2,3008.09
448,2026-08-24,6,A (06-14),L2,NEC-D30,3.0,12:00,3,3001.97
448,2026-08-24,6,A (06-14),L2,NEC-D30,3.0,12:00,4,3016.78
448,2026-08-24,6,A (06-14),L2,NEC-D30,3.0,12:00,5,3010.07
449,2026-08-24,6,B (14-22),L2,FUN-B30,3.0,14:00,1,3009.1
449,2026-08-24,6,B (14-22),L2,FUN-B30,3.0,14:00,2,3009.22
449,2026-08-24,6,B (14-22),L2,FUN-B30,3.0,14:00,3,2998.98
449,2026-08-24,6,B (14-22),L2,FUN-B30,3.0,14:00,4,3013.16
449,2026-08-24,6,B (14-22),L2,FUN-B30,3.0,14:00,5,3005.38
450,2026-08-24,6,B (14-22),L2,FUN-B30,3.0,16:00,1,3007.41
450,2026-08-24,6,B (14-22),L2,FUN-B30,3.0,16:00,2,3001.06
450,2026-08-24,6,B (14-22),L2,FUN-B30,3.0,16:00,3,3004.58
450,2026-08-24,6,B (14-22),L2,FUN-B30,3.0,16:00,4,3005.6
450,2026-08-24,6,B (14-22),L2,FUN-B30,3.0,16:00,5,3023.1
451,2026-08-24,6,B (14-22),L2,FUN-B30,3.0,18:00,1,2988.01
451,2026-08-24,6,B (14-22),L2,FUN-B30,3.0,18:00,2,3010.89
451,2026-08-24,6,B (14-22),L2,FUN-B30,3.0,18:00,3,3010.98
451,2026-08-24,6,B (14-22),L2,FUN-B30,3.0,18:00,4,3016.57
451,2026-08-24,6,B (14-22),L2,FUN-B30,3.0,18:00,5,3005.5
452,2026-08-24,6,B (14-22),L2,FUN-B30,3.0,20:00,1,3005.18
452,2026-08-24,6,B (14-22),L2,FUN-B30,3.0,20:00,2,3003.59
452,2026-08-24,6,B (14-22),L2,FUN-B30,3.0,20:00,3,3019.47
452,2026-08-24,6,B (14-22),L2,FUN-B30,3.0,20:00,4,3010.97
452,2026-08-24,6,B (14-22),L2,FUN-B30,3.0,20:00,5,2998.81
453,2026-08-24,6,C (22-06),L2,FUN-B15,1.5,22:00,1,1507.27
453,2026-08-24,6,C (22-06),L2,FUN-B15,1.5,22:00,2,1506.7
453,2026-08-24,6,C (22-06),L2,FUN-B15,1.5,22:00,3,1510.15
453,2026-08-24,6,C (22-06),L2,FUN-B15,1.5,22:00,4,1504.08
453,2026-08-24,6,C (22-06),L2,FUN-B15,1.5,22:00,5,1517.91
454,2026-08-24,6,C (22-06),L2,FUN-B15,1.5,00:00,1,1508.11
454,2026-08-24,6,C (22-06),L2,FUN-B15,1.5,00:00,2,1503.75
454,2026-08-24,6,C (22-06),L2,FUN-B15,1.5,00:00,3,1503.45
454,2026-08-24,6,C (22-06),L2,FUN-B15,1.5,00:00,4,1519.56
454,2026-08-24,6,C (22-06),L2,FUN-B15,1.5,00:00,5,1510.6
455,2026-08-24,6,C (22-06),L2,FUN-B15,1.5,02:00,1,1504.43
455,2026-08-24,6,C (22-06),L2,FUN-B15,1.5,02:00,2,1514.32
455,2026-08-24,6,C (22-06),L2,FUN-B15,1.5,02:00,3,1514.23
455,2026-08-24,6,C (22-06),L2,FUN-B15,1.5,02:00,4,1505.4
455,2026-08-24,6,C (22-06),L2,FUN-B15,1.5,02:00,5,1505.53
456,2026-08-24,6,C (22-06),L2,FUN-B15,1.5,04:00,1,1502.87
456,2026-08-24,6,C (22-06),L2,FUN-B15,1.5,04:00,2,1511.7
456,2026-08-24,6,C (22-06),L2,FUN-B15,1.5,04:00,3,1500.04
456,2026-08-24,6,C (22-06),L2,FUN-B15,1.5,04:00,4,1514.18
456,2026-08-24,6,C (22-06),L2,FUN-B15,1.5,04:00,5,1506.59
457,2026-08-25,6,A (06-14),L2,CIT-L30,3.0,06:00,1,3002.61
457,2026-08-25,6,A (06-14),L2,CIT-L30,3.0,06:00,2,3008.87
457,2026-08-25,6,A (06-14),L2,CIT-L30,3.0,06:00,3,3012.38
457,2026-08-25,6,A (06-14),L2,CIT-L30,3.0,06:00,4,3009.03
457,2026-08-25,6,A (06-14),L2,CIT-L30,3.0,06:00,5,3015.41
458,2026-08-25,6,A (06-14),L2,CIT-L30,3.0,08:00,1,3013.28
458,2026-08-25,6,A (06-14),L2,CIT-L30,3.0,08:00,2,2992.06
458,2026-08-25,6,A (06-14),L2,CIT-L30,3.0,08:00,3,2997.02
458,2026-08-25,6,A (06-14),L2,CIT-L30,3.0,08:00,4,3017.81
458,2026-08-25,6,A (06-14),L2,CIT-L30,3.0,08:00,5,2996.9
459,2026-08-25,6,A (06-14),L2,CIT-L30,3.0,10:00,1,3003.48
459,2026-08-25,6,A (06-14),L2,CIT-L30,3.0,10:00,2,2990.87
459,2026-08-25,6,A (06-14),L2,CIT-L30,3.0,10:00,3,3017.9
459,2026-08-25,6,A (06-14),L2,CIT-L30,3.0,10:00,4,3015.84
459,2026-08-25,6,A (06-14),L2,CIT-L30,3.0,10:00,5,3011.09
460,2026-08-25,6,A (06-14),L2,CIT-L30,3.0,12:00,1,3004.93
460,2026-08-25,6,A (06-14),L2,CIT-L30,3.0,12:00,2,3000.48
460,2026-08-25,6,A (06-14),L2,CIT-L30,3.0,12:00,3,3013.65
460,2026-08-25,6,A (06-14),L2,CIT-L30,3.0,12:00,4,3015.48
460,2026-08-25,6,A (06-14),L2,CIT-L30,3.0,12:00,5,3010.2
461,2026-08-25,6,B (14-22),L2,NEC-D30,3.0,14:00,1,3014.82
461,2026-08-25,6,B (14-22),L2,NEC-D30,3.0,14:00,2,3007.73
461,2026-08-25,6,B (14-22),L2,NEC-D30,3.0,14:00,3,3007.63
461,2026-08-25,6,B (14-22),L2,NEC-D30,3.0,14:00,4,3012.61
461,2026-08-25,6,B (14-22),L2,NEC-D30,3.0,14:00,5,3002.0
462,2026-08-25,6,B (14-22),L2,NEC-D30,3.0,16:00,1,2990.05
462,2026-08-25,6,B (14-22),L2,NEC-D30,3.0,16:00,2,3006.67
462,2026-08-25,6,B (14-22),L2,NEC-D30,3.0,16:00,3,3004.37
462,2026-08-25,6,B (14-22),L2,NEC-D30,3.0,16:00,4,3012.13
462,2026-08-25,6,B (14-22),L2,NEC-D30,3.0,16:00,5,3013.82
463,2026-08-25,6,B (14-22),L2,NEC-D30,3.0,18:00,1,3015.54
463,2026-08-25,6,B (14-22),L2,NEC-D30,3.0,18:00,2,3014.24
463,2026-08-25,6,B (14-22),L2,NEC-D30,3.0,18:00,3,3003.25
463,2026-08-25,6,B (14-22),L2,NEC-D30,3.0,18:00,4,2998.54
463,2026-08-25,6,B (14-22),L2,NEC-D30,3.0,18:00,5,3010.31
464,2026-08-25,6,B (14-22),L2,NEC-D30,3.0,20:00,1,3017.78
464,2026-08-25,6,B (14-22),L2,NEC-D30,3.0,20:00,2,3016.85
464,2026-08-25,6,B (14-22),L2,NEC-D30,3.0,20:00,3,3008.67
464,2026-08-25,6,B (14-22),L2,NEC-D30,3.0,20:00,4,3005.27
464,2026-08-25,6,B (14-22),L2,NEC-D30,3.0,20:00,5,3002.34
465,2026-08-25,6,C (22-06),L2,CIT-L15,1.5,22:00,1,1512.69
465,2026-08-25,6,C (22-06),L2,CIT-L15,1.5,22:00,2,1506.13
465,2026-08-25,6,C (22-06),L2,CIT-L15,1.5,22:00,3,1503.12
465,2026-08-25,6,C (22-06),L2,CIT-L15,1.5,22:00,4,1518.58
465,2026-08-25,6,C (22-06),L2,CIT-L15,1.5,22:00,5,1507.28
466,2026-08-25,6,C (22-06),L2,CIT-L15,1.5,00:00,1,1507.41
466,2026-08-25,6,C (22-06),L2,CIT-L15,1.5,00:00,2,1494.41
466,2026-08-25,6,C (22-06),L2,CIT-L15,1.5,00:00,3,1501.83
466,2026-08-25,6,C (22-06),L2,CIT-L15,1.5,00:00,4,1502.14
466,2026-08-25,6,C (22-06),L2,CIT-L15,1.5,00:00,5,1503.35
467,2026-08-25,6,C (22-06),L2,CIT-L15,1.5,02:00,1,1497.12
467,2026-08-25,6,C (22-06),L2,CIT-L15,1.5,02:00,2,1502.53
467,2026-08-25,6,C (22-06),L2,CIT-L15,1.5,02:00,3,1498.1
467,2026-08-25,6,C (22-06),L2,CIT-L15,1.5,02:00,4,1498.29
467,2026-08-25,6,C (22-06),L2,CIT-L15,1.5,02:00,5,1509.06
468,2026-08-25,6,C (22-06),L2,CIT-L15,1.5,04:00,1,1511.66
468,2026-08-25,6,C (22-06),L2,CIT-L15,1.5,04:00,2,1505.89
468,2026-08-25,6,C (22-06),L2,CIT-L15,1.5,04:00,3,1513.11
468,2026-08-25,6,C (22-06),L2,CIT-L15,1.5,04:00,4,1506.28
468,2026-08-25,6,C (22-06),L2,CIT-L15,1.5,04:00,5,1506.78
469,2026-08-26,6,A (06-14),L2,FUN-B15,1.5,06:00,1,1505.06
469,2026-08-26,6,A (06-14),L2,FUN-B15,1.5,06:00,2,1504.87
469,2026-08-26,6,A (06-14),L2,FUN-B15,1.5,06:00,3,1503.41
469,2026-08-26,6,A (06-14),L2,FUN-B15,1.5,06:00,4,1506.92
469,2026-08-26,6,A (06-14),L2,FUN-B15,1.5,06:00,5,1505.57
470,2026-08-26,6,A (06-14),L2,FUN-B15,1.5,08:00,1,1499.4
470,2026-08-26,6,A (06-14),L2,FUN-B15,1.5,08:00,2,1505.18
470,2026-08-26,6,A (06-14),L2,FUN-B15,1.5,08:00,3,1500.03
470,2026-08-26,6,A (06-14),L2,FUN-B15,1.5,08:00,4,1500.68
470,2026-08-26,6,A (06-14),L2,FUN-B15,1.5,08:00,5,1507.39
471,2026-08-26,6,A (06-14),L2,FUN-B15,1.5,10:00,1,1500.36
471,2026-08-26,6,A (06-14),L2,FUN-B15,1.5,10:00,2,1502.48
471,2026-08-26,6,A (06-14),L2,FUN-B15,1.5,10:00,3,1507.51
471,2026-08-26,6,A (06-14),L2,FUN-B15,1.5,10:00,4,1497.84
471,2026-08-26,6,A (06-14),L2,FUN-B15,1.5,10:00,5,1503.94
472,2026-08-26,6,A (06-14),L2,FUN-B15,1.5,12:00,1,1505.81
472,2026-08-26,6,A (06-14),L2,FUN-B15,1.5,12:00,2,1498.88
472,2026-08-26,6,A (06-14),L2,FUN-B15,1.5,12:00,3,1511.56
472,2026-08-26,6,A (06-14),L2,FUN-B15,1.5,12:00,4,1496.49
472,2026-08-26,6,A (06-14),L2,FUN-B15,1.5,12:00,5,1499.51
473,2026-08-26,6,B (14-22),L2,NEC-D30,3.0,14:00,1,3001.37
473,2026-08-26,6,B (14-22),L2,NEC-D30,3.0,14:00,2,3016.07
473,2026-08-26,6,B (14-22),L2,NEC-D30,3.0,14:00,3,3014.1
473,2026-08-26,6,B (14-22),L2,NEC-D30,3.0,14:00,4,3006.53
473,2026-08-26,6,B (14-22),L2,NEC-D30,3.0,14:00,5,3007.01
474,2026-08-26,6,B (14-22),L2,NEC-D30,3.0,16:00,1,3009.52
474,2026-08-26,6,B (14-22),L2,NEC-D30,3.0,16:00,2,3007.7
474,2026-08-26,6,B (14-22),L2,NEC-D30,3.0,16:00,3,3012.69
474,2026-08-26,6,B (14-22),L2,NEC-D30,3.0,16:00,4,3008.34
474,2026-08-26,6,B (14-22),L2,NEC-D30,3.0,16:00,5,3022.86
475,2026-08-26,6,B (14-22),L2,NEC-D30,3.0,18:00,1,3004.41
475,2026-08-26,6,B (14-22),L2,NEC-D30,3.0,18:00,2,3002.9
475,2026-08-26,6,B (14-22),L2,NEC-D30,3.0,18:00,3,3006.37
475,2026-08-26,6,B (14-22),L2,NEC-D30,3.0,18:00,4,2990.06
475,2026-08-26,6,B (14-22),L2,NEC-D30,3.0,18:00,5,3016.95
476,2026-08-26,6,B (14-22),L2,NEC-D30,3.0,20:00,1,3009.12
476,2026-08-26,6,B (14-22),L2,NEC-D30,3.0,20:00,2,3010.25
476,2026-08-26,6,B (14-22),L2,NEC-D30,3.0,20:00,3,2992.13
476,2026-08-26,6,B (14-22),L2,NEC-D30,3.0,20:00,4,3013.12
476,2026-08-26,6,B (14-22),L2,NEC-D30,3.0,20:00,5,3006.36
477,2026-08-26,6,C (22-06),L2,NEC-D30,3.0,22:00,1,3005.84
477,2026-08-26,6,C (22-06),L2,NEC-D30,3.0,22:00,2,3008.13
477,2026-08-26,6,C (22-06),L2,NEC-D30,3.0,22:00,3,3016.24
477,2026-08-26,6,C (22-06),L2,NEC-D30,3.0,22:00,4,3006.16
477,2026-08-26,6,C (22-06),L2,NEC-D30,3.0,22:00,5,3015.13
478,2026-08-26,6,C (22-06),L2,NEC-D30,3.0,00:00,1,3006.93
478,2026-08-26,6,C (22-06),L2,NEC-D30,3.0,00:00,2,3010.43
478,2026-08-26,6,C (22-06),L2,NEC-D30,3.0,00:00,3,3005.58
478,2026-08-26,6,C (22-06),L2,NEC-D30,3.0,00:00,4,3010.53
478,2026-08-26,6,C (22-06),L2,NEC-D30,3.0,00:00,5,3010.98
479,2026-08-26,6,C (22-06),L2,NEC-D30,3.0,02:00,1,3025.3
479,2026-08-26,6,C (22-06),L2,NEC-D30,3.0,02:00,2,3014.02
479,2026-08-26,6,C (22-06),L2,NEC-D30,3.0,02:00,3,3017.02
479,2026-08-26,6,C (22-06),L2,NEC-D30,3.0,02:00,4,2987.41
479,2026-08-26,6,C (22-06),L2,NEC-D30,3.0,02:00,5,2994.26
480,2026-08-26,6,C (22-06),L2,NEC-D30,3.0,04:00,1,2998.87
480,2026-08-26,6,C (22-06),L2,NEC-D30,3.0,04:00,2,3013.97
480,2026-08-26,6,C (22-06),L2,NEC-D30,3.0,04:00,3,3025.49
480,2026-08-26,6,C (22-06),L2,NEC-D30,3.0,04:00,4,3005.31
480,2026-08-26,6,C (22-06),L2,NEC-D30,3.0,04:00,5,2998.74
481,2026-08-27,6,A (06-14),L2,FUN-B30,3.0,06:00,1,2992.33
481,2026-08-27,6,A (06-14),L2,FUN-B30,3.0,06:00,2,3006.03
481,2026-08-27,6,A (06-14),L2,FUN-B30,3.0,06:00,3,3012.25
481,2026-08-27,6,A (06-14),L2,FUN-B30,3.0,06:00,4,2999.05
481,2026-08-27,6,A (06-14),L2,FUN-B30,3.0,06:00,5,2993.5
482,2026-08-27,6,A (06-14),L2,FUN-B30,3.0,08:00,1,3005.7
482,2026-08-27,6,A (06-14),L2,FUN-B30,3.0,08:00,2,3015.49
482,2026-08-27,6,A (06-14),L2,FUN-B30,3.0,08:00,3,3024.19
482,2026-08-27,6,A (06-14),L2,FUN-B30,3.0,08:00,4,3023.02
482,2026-08-27,6,A (06-14),L2,FUN-B30,3.0,08:00,5,2998.13
483,2026-08-27,6,A (06-14),L2,FUN-B30,3.0,10:00,1,2999.04
483,2026-08-27,6,A (06-14),L2,FUN-B30,3.0,10:00,2,2991.07
483,2026-08-27,6,A (06-14),L2,FUN-B30,3.0,10:00,3,3016.78
483,2026-08-27,6,A (06-14),L2,FUN-B30,3.0,10:00,4,3002.56
483,2026-08-27,6,A (06-14),L2,FUN-B30,3.0,10:00,5,3017.63
484,2026-08-27,6,A (06-14),L2,FUN-B30,3.0,12:00,1,3008.06
484,2026-08-27,6,A (06-14),L2,FUN-B30,3.0,12:00,2,2999.23
484,2026-08-27,6,A (06-14),L2,FUN-B30,3.0,12:00,3,3002.75
484,2026-08-27,6,A (06-14),L2,FUN-B30,3.0,12:00,4,2993.33
484,2026-08-27,6,A (06-14),L2,FUN-B30,3.0,12:00,5,2989.17
485,2026-08-27,6,B (14-22),L2,NEC-D15,1.5,14:00,1,1510.0
485,2026-08-27,6,B (14-22),L2,NEC-D15,1.5,14:00,2,1504.31
485,2026-08-27,6,B (14-22),L2,NEC-D15,1.5,14:00,3,1499.45
485,2026-08-27,6,B (14-22),L2,NEC-D15,1.5,14:00,4,1504.23
485,2026-08-27,6,B (14-22),L2,NEC-D15,1.5,14:00,5,1505.76
486,2026-08-27,6,B (14-22),L2,NEC-D15,1.5,16:00,1,1509.95
486,2026-08-27,6,B (14-22),L2,NEC-D15,1.5,16:00,2,1508.52
486,2026-08-27,6,B (14-22),L2,NEC-D15,1.5,16:00,3,1508.75
486,2026-08-27,6,B (14-22),L2,NEC-D15,1.5,16:00,4,1499.69
486,2026-08-27,6,B (14-22),L2,NEC-D15,1.5,16:00,5,1505.32
487,2026-08-27,6,B (14-22),L2,NEC-D15,1.5,18:00,1,1506.03
487,2026-08-27,6,B (14-22),L2,NEC-D15,1.5,18:00,2,1498.89
487,2026-08-27,6,B (14-22),L2,NEC-D15,1.5,18:00,3,1508.89
487,2026-08-27,6,B (14-22),L2,NEC-D15,1.5,18:00,4,1500.72
487,2026-08-27,6,B (14-22),L2,NEC-D15,1.5,18:00,5,1505.18
488,2026-08-27,6,B (14-22),L2,NEC-D15,1.5,20:00,1,1504.91
488,2026-08-27,6,B (14-22),L2,NEC-D15,1.5,20:00,2,1506.51
488,2026-08-27,6,B (14-22),L2,NEC-D15,1.5,20:00,3,1498.89
488,2026-08-27,6,B (14-22),L2,NEC-D15,1.5,20:00,4,1514.8
488,2026-08-27,6,B (14-22),L2,NEC-D15,1.5,20:00,5,1508.1
489,2026-08-27,6,C (22-06),L2,FUN-B15,1.5,22:00,1,1506.21
489,2026-08-27,6,C (22-06),L2,FUN-B15,1.5,22:00,2,1515.87
489,2026-08-27,6,C (22-06),L2,FUN-B15,1.5,22:00,3,1508.4
489,2026-08-27,6,C (22-06),L2,FUN-B15,1.5,22:00,4,1505.1
489,2026-08-27,6,C (22-06),L2,FUN-B15,1.5,22:00,5,1509.55
490,2026-08-27,6,C (22-06),L2,FUN-B15,1.5,00:00,1,1514.31
490,2026-08-27,6,C (22-06),L2,FUN-B15,1.5,00:00,2,1505.79
490,2026-08-27,6,C (22-06),L2,FUN-B15,1.5,00:00,3,1513.6
490,2026-08-27,6,C (22-06),L2,FUN-B15,1.5,00:00,4,1514.79
490,2026-08-27,6,C (22-06),L2,FUN-B15,1.5,00:00,5,1504.54
491,2026-08-27,6,C (22-06),L2,FUN-B15,1.5,02:00,1,1511.31
491,2026-08-27,6,C (22-06),L2,FUN-B15,1.5,02:00,2,1504.32
491,2026-08-27,6,C (22-06),L2,FUN-B15,1.5,02:00,3,1506.87
491,2026-08-27,6,C (22-06),L2,FUN-B15,1.5,02:00,4,1508.71
491,2026-08-27,6,C (22-06),L2,FUN-B15,1.5,02:00,5,1506.95
492,2026-08-27,6,C (22-06),L2,FUN-B15,1.5,04:00,1,1509.76
492,2026-08-27,6,C (22-06),L2,FUN-B15,1.5,04:00,2,1505.7
492,2026-08-27,6,C (22-06),L2,FUN-B15,1.5,04:00,3,1496.93
492,2026-08-27,6,C (22-06),L2,FUN-B15,1.5,04:00,4,1502.98
492,2026-08-27,6,C (22-06),L2,FUN-B15,1.5,04:00,5,1498.96
493,2026-08-28,6,A (06-14),L2,NEC-D30,3.0,06:00,1,3002.5
493,2026-08-28,6,A (06-14),L2,NEC-D30,3.0,06:00,2,3015.04
493,2026-08-28,6,A (06-14),L2,NEC-D30,3.0,06:00,3,3008.11
493,2026-08-28,6,A (06-14),L2,NEC-D30,3.0,06:00,4,3025.82
493,2026-08-28,6,A (06-14),L2,NEC-D30,3.0,06:00,5,3003.67
494,2026-08-28,6,A (06-14),L2,NEC-D30,3.0,08:00,1,3000.79
494,2026-08-28,6,A (06-14),L2,NEC-D30,3.0,08:00,2,3022.47
494,2026-08-28,6,A (06-14),L2,NEC-D30,3.0,08:00,3,3004.58
494,2026-08-28,6,A (06-14),L2,NEC-D30,3.0,08:00,4,3008.07
494,2026-08-28,6,A (06-14),L2,NEC-D30,3.0,08:00,5,3008.72
495,2026-08-28,6,A (06-14),L2,NEC-D30,3.0,10:00,1,3000.08
495,2026-08-28,6,A (06-14),L2,NEC-D30,3.0,10:00,2,3022.55
495,2026-08-28,6,A (06-14),L2,NEC-D30,3.0,10:00,3,3000.19
495,2026-08-28,6,A (06-14),L2,NEC-D30,3.0,10:00,4,3018.03
495,2026-08-28,6,A (06-14),L2,NEC-D30,3.0,10:00,5,3000.83
496,2026-08-28,6,A (06-14),L2,NEC-D30,3.0,12:00,1,3010.31
496,2026-08-28,6,A (06-14),L2,NEC-D30,3.0,12:00,2,3017.92
496,2026-08-28,6,A (06-14),L2,NEC-D30,3.0,12:00,3,3013.25
496,2026-08-28,6,A (06-14),L2,NEC-D30,3.0,12:00,4,3020.04
496,2026-08-28,6,A (06-14),L2,NEC-D30,3.0,12:00,5,3007.25
497,2026-08-28,6,B (14-22),L2,FUN-B15,1.5,14:00,1,1502.93
497,2026-08-28,6,B (14-22),L2,FUN-B15,1.5,14:00,2,1502.44
497,2026-08-28,6,B (14-22),L2,FUN-B15,1.5,14:00,3,1506.81
497,2026-08-28,6,B (14-22),L2,FUN-B15,1.5,14:00,4,1501.45
497,2026-08-28,6,B (14-22),L2,FUN-B15,1.5,14:00,5,1505.72
498,2026-08-28,6,B (14-22),L2,FUN-B15,1.5,16:00,1,1510.89
498,2026-08-28,6,B (14-22),L2,FUN-B15,1.5,16:00,2,1511.67
498,2026-08-28,6,B (14-22),L2,FUN-B15,1.5,16:00,3,1510.15
498,2026-08-28,6,B (14-22),L2,FUN-B15,1.5,16:00,4,1502.82
498,2026-08-28,6,B (14-22),L2,FUN-B15,1.5,16:00,5,1513.57
499,2026-08-28,6,B (14-22),L2,FUN-B15,1.5,18:00,1,1504.31
499,2026-08-28,6,B (14-22),L2,FUN-B15,1.5,18:00,2,1503.8
499,2026-08-28,6,B (14-22),L2,FUN-B15,1.5,18:00,3,1501.4
499,2026-08-28,6,B (14-22),L2,FUN-B15,1.5,18:00,4,1498.54
499,2026-08-28,6,B (14-22),L2,FUN-B15,1.5,18:00,5,1510.14
500,2026-08-28,6,B (14-22),L2,FUN-B15,1.5,20:00,1,1491.42
500,2026-08-28,6,B (14-22),L2,FUN-B15,1.5,20:00,2,1507.69
500,2026-08-28,6,B (14-22),L2,FUN-B15,1.5,20:00,3,1503.71
500,2026-08-28,6,B (14-22),L2,FUN-B15,1.5,20:00,4,1503.98
500,2026-08-28,6,B (14-22),L2,FUN-B15,1.5,20:00,5,1503.92
501,2026-08-28,6,C (22-06),L2,CIT-L30,3.0,22:00,1,3020.89
501,2026-08-28,6,C (22-06),L2,CIT-L30,3.0,22:00,2,3019.05
501,2026-08-28,6,C (22-06),L2,CIT-L30,3.0,22:00,3,3009.04
501,2026-08-28,6,C (22-06),L2,CIT-L30,3.0,22:00,4,3020.41
501,2026-08-28,6,C (22-06),L2,CIT-L30,3.0,22:00,5,3000.95
502,2026-08-28,6,C (22-06),L2,CIT-L30,3.0,00:00,1,3016.88
502,2026-08-28,6,C (22-06),L2,CIT-L30,3.0,00:00,2,3000.06
502,2026-08-28,6,C (22-06),L2,CIT-L30,3.0,00:00,3,3024.25
502,2026-08-28,6,C (22-06),L2,CIT-L30,3.0,00:00,4,3012.95
502,2026-08-28,6,C (22-06),L2,CIT-L30,3.0,00:00,5,3005.63
503,2026-08-28,6,C (22-06),L2,CIT-L30,3.0,02:00,1,3000.97
503,2026-08-28,6,C (22-06),L2,CIT-L30,3.0,02:00,2,3026.2
503,2026-08-28,6,C (22-06),L2,CIT-L30,3.0,02:00,3,3006.57
503,2026-08-28,6,C (22-06),L2,CIT-L30,3.0,02:00,4,3025.49
503,2026-08-28,6,C (22-06),L2,CIT-L30,3.0,02:00,5,3000.26
504,2026-08-28,6,C (22-06),L2,CIT-L30,3.0,04:00,1,3008.09
504,2026-08-28,6,C (22-06),L2,CIT-L30,3.0,04:00,2,3023.02
504,2026-08-28,6,C (22-06),L2,CIT-L30,3.0,04:00,3,2994.65
504,2026-08-28,6,C (22-06),L2,CIT-L30,3.0,04:00,4,2992.04
504,2026-08-28,6,C (22-06),L2,CIT-L30,3.0,04:00,5,3001.53
505,2026-08-31,7,A (06-14),L1,FUN-B05,0.5,06:00,1,507.07
505,2026-08-31,7,A (06-14),L1,FUN-B05,0.5,06:00,2,509.92
505,2026-08-31,7,A (06-14),L1,FUN-B05,0.5,06:00,3,505.01
505,2026-08-31,7,A (06-14),L1,FUN-B05,0.5,06:00,4,504.78
505,2026-08-31,7,A (06-14),L1,FUN-B05,0.5,06:00,5,505.0
506,2026-08-31,7,A (06-14),L1,FUN-B05,0.5,08:00,1,505.44
506,2026-08-31,7,A (06-14),L1,FUN-B05,0.5,08:00,2,507.21
506,2026-08-31,7,A (06-14),L1,FUN-B05,0.5,08:00,3,506.87
506,2026-08-31,7,A (06-14),L1,FUN-B05,0.5,08:00,4,500.94
506,2026-08-31,7,A (06-14),L1,FUN-B05,0.5,08:00,5,503.8
507,2026-08-31,7,A (06-14),L1,FUN-B05,0.5,10:00,1,506.09
507,2026-08-31,7,A (06-14),L1,FUN-B05,0.5,10:00,2,503.68
507,2026-08-31,7,A (06-14),L1,FUN-B05,0.5,10:00,3,508.56
507,2026-08-31,7,A (06-14),L1,FUN-B05,0.5,10:00,4,505.98
507,2026-08-31,7,A (06-14),L1,FUN-B05,0.5,10:00,5,504.54
508,2026-08-31,7,A (06-14),L1,FUN-B05,0.5,12:00,1,505.6
508,2026-08-31,7,A (06-14),L1,FUN-B05,0.5,12:00,2,505.67
508,2026-08-31,7,A (06-14),L1,FUN-B05,0.5,12:00,3,504.78
508,2026-08-31,7,A (06-14),L1,FUN-B05,0.5,12:00,4,505.85
508,2026-08-31,7,A (06-14),L1,FUN-B05,0.5,12:00,5,507.03
509,2026-08-31,7,B (14-22),L1,CIT-L05,0.5,14:00,1,504.33
509,2026-08-31,7,B (14-22),L1,CIT-L05,0.5,14:00,2,504.86
509,2026-08-31,7,B (14-22),L1,CIT-L05,0.5,14:00,3,502.57
509,2026-08-31,7,B (14-22),L1,CIT-L05,0.5,14:00,4,505.09
509,2026-08-31,7,B (14-22),L1,CIT-L05,0.5,14:00,5,507.5
510,2026-08-31,7,B (14-22),L1,CIT-L05,0.5,16:00,1,507.1
510,2026-08-31,7,B (14-22),L1,CIT-L05,0.5,16:00,2,507.16
510,2026-08-31,7,B (14-22),L1,CIT-L05,0.5,16:00,3,508.06
510,2026-08-31,7,B (14-22),L1,CIT-L05,0.5,16:00,4,505.59
510,2026-08-31,7,B (14-22),L1,CIT-L05,0.5,16:00,5,508.35
511,2026-08-31,7,B (14-22),L1,CIT-L05,0.5,18:00,1,504.36
511,2026-08-31,7,B (14-22),L1,CIT-L05,0.5,18:00,2,505.91
511,2026-08-31,7,B (14-22),L1,CIT-L05,0.5,18:00,3,505.86
511,2026-08-31,7,B (14-22),L1,CIT-L05,0.5,18:00,4,512.19
511,2026-08-31,7,B (14-22),L1,CIT-L05,0.5,18:00,5,504.01
512,2026-08-31,7,B (14-22),L1,CIT-L05,0.5,20:00,1,502.73
512,2026-08-31,7,B (14-22),L1,CIT-L05,0.5,20:00,2,501.95
512,2026-08-31,7,B (14-22),L1,CIT-L05,0.5,20:00,3,506.15
512,2026-08-31,7,B (14-22),L1,CIT-L05,0.5,20:00,4,507.96
512,2026-08-31,7,B (14-22),L1,CIT-L05,0.5,20:00,5,507.63
513,2026-09-01,7,A (06-14),L1,FUN-B05,0.5,06:00,1,508.76
513,2026-09-01,7,A (06-14),L1,FUN-B05,0.5,06:00,2,504.55
513,2026-09-01,7,A (06-14),L1,FUN-B05,0.5,06:00,3,505.15
513,2026-09-01,7,A (06-14),L1,FUN-B05,0.5,06:00,4,507.23
513,2026-09-01,7,A (06-14),L1,FUN-B05,0.5,06:00,5,503.75
514,2026-09-01,7,A (06-14),L1,FUN-B05,0.5,08:00,1,502.58
514,2026-09-01,7,A (06-14),L1,FUN-B05,0.5,08:00,2,508.41
514,2026-09-01,7,A (06-14),L1,FUN-B05,0.5,08:00,3,505.61
514,2026-09-01,7,A (06-14),L1,FUN-B05,0.5,08:00,4,504.84
514,2026-09-01,7,A (06-14),L1,FUN-B05,0.5,08:00,5,506.44
515,2026-09-01,7,A (06-14),L1,FUN-B05,0.5,10:00,1,508.71
515,2026-09-01,7,A (06-14),L1,FUN-B05,0.5,10:00,2,505.41
515,2026-09-01,7,A (06-14),L1,FUN-B05,0.5,10:00,3,506.13
515,2026-09-01,7,A (06-14),L1,FUN-B05,0.5,10:00,4,508.02
515,2026-09-01,7,A (06-14),L1,FUN-B05,0.5,10:00,5,503.18
516,2026-09-01,7,A (06-14),L1,FUN-B05,0.5,12:00,1,505.8
516,2026-09-01,7,A (06-14),L1,FUN-B05,0.5,12:00,2,507.07
516,2026-09-01,7,A (06-14),L1,FUN-B05,0.5,12:00,3,501.8
516,2026-09-01,7,A (06-14),L1,FUN-B05,0.5,12:00,4,504.43
516,2026-09-01,7,A (06-14),L1,FUN-B05,0.5,12:00,5,504.46
517,2026-09-01,7,B (14-22),L1,NEC-D05,0.5,14:00,1,503.89
517,2026-09-01,7,B (14-22),L1,NEC-D05,0.5,14:00,2,506.88
517,2026-09-01,7,B (14-22),L1,NEC-D05,0.5,14:00,3,504.11
517,2026-09-01,7,B (14-22),L1,NEC-D05,0.5,14:00,4,507.58
517,2026-09-01,7,B (14-22),L1,NEC-D05,0.5,14:00,5,508.68
518,2026-09-01,7,B (14-22),L1,NEC-D05,0.5,16:00,1,505.59
518,2026-09-01,7,B (14-22),L1,NEC-D05,0.5,16:00,2,505.34
518,2026-09-01,7,B (14-22),L1,NEC-D05,0.5,16:00,3,504.4
518,2026-09-01,7,B (14-22),L1,NEC-D05,0.5,16:00,4,505.14
518,2026-09-01,7,B (14-22),L1,NEC-D05,0.5,16:00,5,504.91
519,2026-09-01,7,B (14-22),L1,NEC-D05,0.5,18:00,1,504.66
519,2026-09-01,7,B (14-22),L1,NEC-D05,0.5,18:00,2,503.0
519,2026-09-01,7,B (14-22),L1,NEC-D05,0.5,18:00,3,506.25
519,2026-09-01,7,B (14-22),L1,NEC-D05,0.5,18:00,4,504.87
519,2026-09-01,7,B (14-22),L1,NEC-D05,0.5,18:00,5,505.74
520,2026-09-01,7,B (14-22),L1,NEC-D05,0.5,20:00,1,505.7
520,2026-09-01,7,B (14-22),L1,NEC-D05,0.5,20:00,2,506.22
520,2026-09-01,7,B (14-22),L1,NEC-D05,0.5,20:00,3,505.13
520,2026-09-01,7,B (14-22),L1,NEC-D05,0.5,20:00,4,507.22
520,2026-09-01,7,B (14-22),L1,NEC-D05,0.5,20:00,5,506.71
521,2026-09-02,7,A (06-14),L1,NEC-D05,0.5,06:00,1,506.16
521,2026-09-02,7,A (06-14),L1,NEC-D05,0.5,06:00,2,510.11
521,2026-09-02,7,A (06-14),L1,NEC-D05,0.5,06:00,3,501.23
521,2026-09-02,7,A (06-14),L1,NEC-D05,0.5,06:00,4,504.52
521,2026-09-02,7,A (06-14),L1,NEC-D05,0.5,06:00,5,502.83
522,2026-09-02,7,A (06-14),L1,NEC-D05,0.5,08:00,1,507.26
522,2026-09-02,7,A (06-14),L1,NEC-D05,0.5,08:00,2,503.64
522,2026-09-02,7,A (06-14),L1,NEC-D05,0.5,08:00,3,507.13
522,2026-09-02,7,A (06-14),L1,NEC-D05,0.5,08:00,4,503.97
522,2026-09-02,7,A (06-14),L1,NEC-D05,0.5,08:00,5,505.75
523,2026-09-02,7,A (06-14),L1,NEC-D05,0.5,10:00,1,503.09
523,2026-09-02,7,A (06-14),L1,NEC-D05,0.5,10:00,2,500.21
523,2026-09-02,7,A (06-14),L1,NEC-D05,0.5,10:00,3,507.37
523,2026-09-02,7,A (06-14),L1,NEC-D05,0.5,10:00,4,507.89
523,2026-09-02,7,A (06-14),L1,NEC-D05,0.5,10:00,5,507.61
524,2026-09-02,7,A (06-14),L1,NEC-D05,0.5,12:00,1,503.42
524,2026-09-02,7,A (06-14),L1,NEC-D05,0.5,12:00,2,499.82
524,2026-09-02,7,A (06-14),L1,NEC-D05,0.5,12:00,3,506.15
524,2026-09-02,7,A (06-14),L1,NEC-D05,0.5,12:00,4,505.99
524,2026-09-02,7,A (06-14),L1,NEC-D05,0.5,12:00,5,502.77
525,2026-09-02,7,B (14-22),L1,FUN-B05,0.5,14:00,1,507.72
525,2026-09-02,7,B (14-22),L1,FUN-B05,0.5,14:00,2,506.13
525,2026-09-02,7,B (14-22),L1,FUN-B05,0.5,14:00,3,503.76
525,2026-09-02,7,B (14-22),L1,FUN-B05,0.5,14:00,4,506.19
525,2026-09-02,7,B (14-22),L1,FUN-B05,0.5,14:00,5,504.45
526,2026-09-02,7,B (14-22),L1,FUN-B05,0.5,16:00,1,505.3
526,2026-09-02,7,B (14-22),L1,FUN-B05,0.5,16:00,2,506.92
526,2026-09-02,7,B (14-22),L1,FUN-B05,0.5,16:00,3,506.76
526,2026-09-02,7,B (14-22),L1,FUN-B05,0.5,16:00,4,503.82
526,2026-09-02,7,B (14-22),L1,FUN-B05,0.5,16:00,5,507.45
527,2026-09-02,7,B (14-22),L1,FUN-B05,0.5,18:00,1,505.06
527,2026-09-02,7,B (14-22),L1,FUN-B05,0.5,18:00,2,505.68
527,2026-09-02,7,B (14-22),L1,FUN-B05,0.5,18:00,3,504.7
527,2026-09-02,7,B (14-22),L1,FUN-B05,0.5,18:00,4,503.53
527,2026-09-02,7,B (14-22),L1,FUN-B05,0.5,18:00,5,507.94
528,2026-09-02,7,B (14-22),L1,FUN-B05,0.5,20:00,1,504.87
528,2026-09-02,7,B (14-22),L1,FUN-B05,0.5,20:00,2,505.95
528,2026-09-02,7,B (14-22),L1,FUN-B05,0.5,20:00,3,506.25
528,2026-09-02,7,B (14-22),L1,FUN-B05,0.5,20:00,4,503.43
528,2026-09-02,7,B (14-22),L1,FUN-B05,0.5,20:00,5,507.36
529,2026-08-31,7,A (06-14),L2,CIT-L30,3.0,06:00,1,3017.01
529,2026-08-31,7,A (06-14),L2,CIT-L30,3.0,06:00,2,3019.69
529,2026-08-31,7,A (06-14),L2,CIT-L30,3.0,06:00,3,2997.6
529,2026-08-31,7,A (06-14),L2,CIT-L30,3.0,06:00,4,3001.64
529,2026-08-31,7,A (06-14),L2,CIT-L30,3.0,06:00,5,3005.84
530,2026-08-31,7,A (06-14),L2,CIT-L30,3.0,08:00,1,3021.2
530,2026-08-31,7,A (06-14),L2,CIT-L30,3.0,08:00,2,3001.9
530,2026-08-31,7,A (06-14),L2,CIT-L30,3.0,08:00,3,3005.02
530,2026-08-31,7,A (06-14),L2,CIT-L30,3.0,08:00,4,2998.24
530,2026-08-31,7,A (06-14),L2,CIT-L30,3.0,08:00,5,3006.85
531,2026-08-31,7,A (06-14),L2,CIT-L30,3.0,10:00,1,2998.69
531,2026-08-31,7,A (06-14),L2,CIT-L30,3.0,10:00,2,3011.85
531,2026-08-31,7,A (06-14),L2,CIT-L30,3.0,10:00,3,3009.6
531,2026-08-31,7,A (06-14),L2,CIT-L30,3.0,10:00,4,2995.97
531,2026-08-31,7,A (06-14),L2,CIT-L30,3.0,10:00,5,3009.79
532,2026-08-31,7,A (06-14),L2,CIT-L30,3.0,12:00,1,3007.99
532,2026-08-31,7,A (06-14),L2,CIT-L30,3.0,12:00,2,2994.69
532,2026-08-31,7,A (06-14),L2,CIT-L30,3.0,12:00,3,3006.41
532,2026-08-31,7,A (06-14),L2,CIT-L30,3.0,12:00,4,3005.96
532,2026-08-31,7,A (06-14),L2,CIT-L30,3.0,12:00,5,3021.19
533,2026-08-31,7,B (14-22),L2,CIT-L15,1.5,14:00,1,1501.01
533,2026-08-31,7,B (14-22),L2,CIT-L15,1.5,14:00,2,1504.29
533,2026-08-31,7,B (14-22),L2,CIT-L15,1.5,14:00,3,1503.12
533,2026-08-31,7,B (14-22),L2,CIT-L15,1.5,14:00,4,1505.46
533,2026-08-31,7,B (14-22),L2,CIT-L15,1.5,14:00,5,1495.24
534,2026-08-31,7,B (14-22),L2,CIT-L15,1.5,16:00,1,1506.32
534,2026-08-31,7,B (14-22),L2,CIT-L15,1.5,16:00,2,1503.12
534,2026-08-31,7,B (14-22),L2,CIT-L15,1.5,16:00,3,1505.92
534,2026-08-31,7,B (14-22),L2,CIT-L15,1.5,16:00,4,1510.42
534,2026-08-31,7,B (14-22),L2,CIT-L15,1.5,16:00,5,1508.22
535,2026-08-31,7,B (14-22),L2,CIT-L15,1.5,18:00,1,1503.45
535,2026-08-31,7,B (14-22),L2,CIT-L15,1.5,18:00,2,1494.33
535,2026-08-31,7,B (14-22),L2,CIT-L15,1.5,18:00,3,1504.29
535,2026-08-31,7,B (14-22),L2,CIT-L15,1.5,18:00,4,1506.24
535,2026-08-31,7,B (14-22),L2,CIT-L15,1.5,18:00,5,1503.89
536,2026-08-31,7,B (14-22),L2,CIT-L15,1.5,20:00,1,1508.38
536,2026-08-31,7,B (14-22),L2,CIT-L15,1.5,20:00,2,1498.54
536,2026-08-31,7,B (14-22),L2,CIT-L15,1.5,20:00,3,1498.82
536,2026-08-31,7,B (14-22),L2,CIT-L15,1.5,20:00,4,1500.92
536,2026-08-31,7,B (14-22),L2,CIT-L15,1.5,20:00,5,1500.04
537,2026-08-31,7,C (22-06),L2,NEC-D30,3.0,22:00,1,3008.16
537,2026-08-31,7,C (22-06),L2,NEC-D30,3.0,22:00,2,2997.62
537,2026-08-31,7,C (22-06),L2,NEC-D30,3.0,22:00,3,2998.04
537,2026-08-31,7,C (22-06),L2,NEC-D30,3.0,22:00,4,2995.29
537,2026-08-31,7,C (22-06),L2,NEC-D30,3.0,22:00,5,2996.87
538,2026-08-31,7,C (22-06),L2,NEC-D30,3.0,00:00,1,3012.82
538,2026-08-31,7,C (22-06),L2,NEC-D30,3.0,00:00,2,2999.31
538,2026-08-31,7,C (22-06),L2,NEC-D30,3.0,00:00,3,3023.32
538,2026-08-31,7,C (22-06),L2,NEC-D30,3.0,00:00,4,3004.53
538,2026-08-31,7,C (22-06),L2,NEC-D30,3.0,00:00,5,3024.94
539,2026-08-31,7,C (22-06),L2,NEC-D30,3.0,02:00,1,3013.63
539,2026-08-31,7,C (22-06),L2,NEC-D30,3.0,02:00,2,3013.39
539,2026-08-31,7,C (22-06),L2,NEC-D30,3.0,02:00,3,3008.15
539,2026-08-31,7,C (22-06),L2,NEC-D30,3.0,02:00,4,3010.61
539,2026-08-31,7,C (22-06),L2,NEC-D30,3.0,02:00,5,2997.86
540,2026-08-31,7,C (22-06),L2,NEC-D30,3.0,04:00,1,3006.97
540,2026-08-31,7,C (22-06),L2,NEC-D30,3.0,04:00,2,3009.96
540,2026-08-31,7,C (22-06),L2,NEC-D30,3.0,04:00,3,3013.18
540,2026-08-31,7,C (22-06),L2,NEC-D30,3.0,04:00,4,3004.7
540,2026-08-31,7,C (22-06),L2,NEC-D30,3.0,04:00,5,3018.77
541,2026-09-01,7,A (06-14),L2,NEC-D30,3.0,06:00,1,3000.91
541,2026-09-01,7,A (06-14),L2,NEC-D30,3.0,06:00,2,3007.5
541,2026-09-01,7,A (06-14),L2,NEC-D30,3.0,06:00,3,3012.57
541,2026-09-01,7,A (06-14),L2,NEC-D30,3.0,06:00,4,2999.12
541,2026-09-01,7,A (06-14),L2,NEC-D30,3.0,06:00,5,3003.47
542,2026-09-01,7,A (06-14),L2,NEC-D30,3.0,08:00,1,3002.46
542,2026-09-01,7,A (06-14),L2,NEC-D30,3.0,08:00,2,3008.57
542,2026-09-01,7,A (06-14),L2,NEC-D30,3.0,08:00,3,3013.06
542,2026-09-01,7,A (06-14),L2,NEC-D30,3.0,08:00,4,2995.69
542,2026-09-01,7,A (06-14),L2,NEC-D30,3.0,08:00,5,3017.41
543,2026-09-01,7,A (06-14),L2,NEC-D30,3.0,10:00,1,3014.58
543,2026-09-01,7,A (06-14),L2,NEC-D30,3.0,10:00,2,3013.51
543,2026-09-01,7,A (06-14),L2,NEC-D30,3.0,10:00,3,3017.27
543,2026-09-01,7,A (06-14),L2,NEC-D30,3.0,10:00,4,3004.18
543,2026-09-01,7,A (06-14),L2,NEC-D30,3.0,10:00,5,2999.66
544,2026-09-01,7,A (06-14),L2,NEC-D30,3.0,12:00,1,2997.87
544,2026-09-01,7,A (06-14),L2,NEC-D30,3.0,12:00,2,3023.33
544,2026-09-01,7,A (06-14),L2,NEC-D30,3.0,12:00,3,3007.85
544,2026-09-01,7,A (06-14),L2,NEC-D30,3.0,12:00,4,3031.56
544,2026-09-01,7,A (06-14),L2,NEC-D30,3.0,12:00,5,3021.74
545,2026-09-01,7,B (14-22),L2,FUN-B15,1.5,14:00,1,1502.29
545,2026-09-01,7,B (14-22),L2,FUN-B15,1.5,14:00,2,1491.54
545,2026-09-01,7,B (14-22),L2,FUN-B15,1.5,14:00,3,1506.29
545,2026-09-01,7,B (14-22),L2,FUN-B15,1.5,14:00,4,1509.61
545,2026-09-01,7,B (14-22),L2,FUN-B15,1.5,14:00,5,1502.59
546,2026-09-01,7,B (14-22),L2,FUN-B15,1.5,16:00,1,1502.35
546,2026-09-01,7,B (14-22),L2,FUN-B15,1.5,16:00,2,1499.64
546,2026-09-01,7,B (14-22),L2,FUN-B15,1.5,16:00,3,1504.83
546,2026-09-01,7,B (14-22),L2,FUN-B15,1.5,16:00,4,1497.84
546,2026-09-01,7,B (14-22),L2,FUN-B15,1.5,16:00,5,1511.84
547,2026-09-01,7,B (14-22),L2,FUN-B15,1.5,18:00,1,1506.76
547,2026-09-01,7,B (14-22),L2,FUN-B15,1.5,18:00,2,1510.02
547,2026-09-01,7,B (14-22),L2,FUN-B15,1.5,18:00,3,1507.74
547,2026-09-01,7,B (14-22),L2,FUN-B15,1.5,18:00,4,1505.24
547,2026-09-01,7,B (14-22),L2,FUN-B15,1.5,18:00,5,1496.26
548,2026-09-01,7,B (14-22),L2,FUN-B15,1.5,20:00,1,1502.71
548,2026-09-01,7,B (14-22),L2,FUN-B15,1.5,20:00,2,1499.81
548,2026-09-01,7,B (14-22),L2,FUN-B15,1.5,20:00,3,1503.68
548,2026-09-01,7,B (14-22),L2,FUN-B15,1.5,20:00,4,1497.2
548,2026-09-01,7,B (14-22),L2,FUN-B15,1.5,20:00,5,1516.63
549,2026-09-01,7,C (22-06),L2,CIT-L30,3.0,22:00,1,2999.43
549,2026-09-01,7,C (22-06),L2,CIT-L30,3.0,22:00,2,3013.64
549,2026-09-01,7,C (22-06),L2,CIT-L30,3.0,22:00,3,3000.87
549,2026-09-01,7,C (22-06),L2,CIT-L30,3.0,22:00,4,2998.0
549,2026-09-01,7,C (22-06),L2,CIT-L30,3.0,22:00,5,3023.44
550,2026-09-01,7,C (22-06),L2,CIT-L30,3.0,00:00,1,3011.87
550,2026-09-01,7,C (22-06),L2,CIT-L30,3.0,00:00,2,3018.16
550,2026-09-01,7,C (22-06),L2,CIT-L30,3.0,00:00,3,3011.56
550,2026-09-01,7,C (22-06),L2,CIT-L30,3.0,00:00,4,3010.34
550,2026-09-01,7,C (22-06),L2,CIT-L30,3.0,00:00,5,3003.33
551,2026-09-01,7,C (22-06),L2,CIT-L30,3.0,02:00,1,2999.87
551,2026-09-01,7,C (22-06),L2,CIT-L30,3.0,02:00,2,3008.92
551,2026-09-01,7,C (22-06),L2,CIT-L30,3.0,02:00,3,2991.74
551,2026-09-01,7,C (22-06),L2,CIT-L30,3.0,02:00,4,3010.36
551,2026-09-01,7,C (22-06),L2,CIT-L30,3.0,02:00,5,3007.38
552,2026-09-01,7,C (22-06),L2,CIT-L30,3.0,04:00,1,3016.02
552,2026-09-01,7,C (22-06),L2,CIT-L30,3.0,04:00,2,3006.07
552,2026-09-01,7,C (22-06),L2,CIT-L30,3.0,04:00,3,3017.18
552,2026-09-01,7,C (22-06),L2,CIT-L30,3.0,04:00,4,2997.52
552,2026-09-01,7,C (22-06),L2,CIT-L30,3.0,04:00,5,3032.47
553,2026-09-02,7,A (06-14),L2,CIT-L15,1.5,06:00,1,1503.2
553,2026-09-02,7,A (06-14),L2,CIT-L15,1.5,06:00,2,1500.86
553,2026-09-02,7,A (06-14),L2,CIT-L15,1.5,06:00,3,1503.64
553,2026-09-02,7,A (06-14),L2,CIT-L15,1.5,06:00,4,1507.45
553,2026-09-02,7,A (06-14),L2,CIT-L15,1.5,06:00,5,1508.09
554,2026-09-02,7,A (06-14),L2,CIT-L15,1.5,08:00,1,1505.79
554,2026-09-02,7,A (06-14),L2,CIT-L15,1.5,08:00,2,1493.28
554,2026-09-02,7,A (06-14),L2,CIT-L15,1.5,08:00,3,1504.33
554,2026-09-02,7,A (06-14),L2,CIT-L15,1.5,08:00,4,1504.43
554,2026-09-02,7,A (06-14),L2,CIT-L15,1.5,08:00,5,1502.35
555,2026-09-02,7,A (06-14),L2,CIT-L15,1.5,10:00,1,1500.22
555,2026-09-02,7,A (06-14),L2,CIT-L15,1.5,10:00,2,1503.76
555,2026-09-02,7,A (06-14),L2,CIT-L15,1.5,10:00,3,1494.55
555,2026-09-02,7,A (06-14),L2,CIT-L15,1.5,10:00,4,1503.51
555,2026-09-02,7,A (06-14),L2,CIT-L15,1.5,10:00,5,1501.28
556,2026-09-02,7,A (06-14),L2,CIT-L15,1.5,12:00,1,1500.38
556,2026-09-02,7,A (06-14),L2,CIT-L15,1.5,12:00,2,1506.51
556,2026-09-02,7,A (06-14),L2,CIT-L15,1.5,12:00,3,1505.46
556,2026-09-02,7,A (06-14),L2,CIT-L15,1.5,12:00,4,1507.58
556,2026-09-02,7,A (06-14),L2,CIT-L15,1.5,12:00,5,1507.9
557,2026-09-02,7,B (14-22),L2,NEC-D30,3.0,14:00,1,2998.38
557,2026-09-02,7,B (14-22),L2,NEC-D30,3.0,14:00,2,3020.86
557,2026-09-02,7,B (14-22),L2,NEC-D30,3.0,14:00,3,3017.64
557,2026-09-02,7,B (14-22),L2,NEC-D30,3.0,14:00,4,3001.14
557,2026-09-02,7,B (14-22),L2,NEC-D30,3.0,14:00,5,3003.82
558,2026-09-02,7,B (14-22),L2,NEC-D30,3.0,16:00,1,2990.14
558,2026-09-02,7,B (14-22),L2,NEC-D30,3.0,16:00,2,2998.54
558,2026-09-02,7,B (14-22),L2,NEC-D30,3.0,16:00,3,3005.54
558,2026-09-02,7,B (14-22),L2,NEC-D30,3.0,16:00,4,3005.75
558,2026-09-02,7,B (14-22),L2,NEC-D30,3.0,16:00,5,3001.91
559,2026-09-02,7,B (14-22),L2,NEC-D30,3.0,18:00,1,3012.9
559,2026-09-02,7,B (14-22),L2,NEC-D30,3.0,18:00,2,3005.68
559,2026-09-02,7,B (14-22),L2,NEC-D30,3.0,18:00,3,3023.59
559,2026-09-02,7,B (14-22),L2,NEC-D30,3.0,18:00,4,3010.85
559,2026-09-02,7,B (14-22),L2,NEC-D30,3.0,18:00,5,3005.94
560,2026-09-02,7,B (14-22),L2,NEC-D30,3.0,20:00,1,3003.95
560,2026-09-02,7,B (14-22),L2,NEC-D30,3.0,20:00,2,3022.12
560,2026-09-02,7,B (14-22),L2,NEC-D30,3.0,20:00,3,3006.16
560,2026-09-02,7,B (14-22),L2,NEC-D30,3.0,20:00,4,3010.16
560,2026-09-02,7,B (14-22),L2,NEC-D30,3.0,20:00,5,2998.92
561,2026-09-02,7,C (22-06),L2,NEC-D15,1.5,22:00,1,1500.52
561,2026-09-02,7,C (22-06),L2,NEC-D15,1.5,22:00,2,1507.43
561,2026-09-02,7,C (22-06),L2,NEC-D15,1.5,22:00,3,1495.63
561,2026-09-02,7,C (22-06),L2,NEC-D15,1.5,22:00,4,1511.55
561,2026-09-02,7,C (22-06),L2,NEC-D15,1.5,22:00,5,1502.23
562,2026-09-02,7,C (22-06),L2,NEC-D15,1.5,00:00,1,1506.09
562,2026-09-02,7,C (22-06),L2,NEC-D15,1.5,00:00,2,1507.05
562,2026-09-02,7,C (22-06),L2,NEC-D15,1.5,00:00,3,1501.82
562,2026-09-02,7,C (22-06),L2,NEC-D15,1.5,00:00,4,1510.02
562,2026-09-02,7,C (22-06),L2,NEC-D15,1.5,00:00,5,1512.49
563,2026-09-02,7,C (22-06),L2,NEC-D15,1.5,02:00,1,1500.89
563,2026-09-02,7,C (22-06),L2,NEC-D15,1.5,02:00,2,1523.65
563,2026-09-02,7,C (22-06),L2,NEC-D15,1.5,02:00,3,1512.83
563,2026-09-02,7,C (22-06),L2,NEC-D15,1.5,02:00,4,1501.77
563,2026-09-02,7,C (22-06),L2,NEC-D15,1.5,02:00,5,1501.61
564,2026-09-02,7,C (22-06),L2,NEC-D15,1.5,04:00,1,1519.12
564,2026-09-02,7,C (22-06),L2,NEC-D15,1.5,04:00,2,1509.83
564,2026-09-02,7,C (22-06),L2,NEC-D15,1.5,04:00,3,1513.44
564,2026-09-02,7,C (22-06),L2,NEC-D15,1.5,04:00,4,1515.18
564,2026-09-02,7,C (22-06),L2,NEC-D15,1.5,04:00,5,1502.86
565,2026-09-03,7,A (06-14),L2,NEC-D15,1.5,06:00,1,1498.7
565,2026-09-03,7,A (06-14),L2,NEC-D15,1.5,06:00,2,1495.92
565,2026-09-03,7,A (06-14),L2,NEC-D15,1.5,06:00,3,1505.18
565,2026-09-03,7,A (06-14),L2,NEC-D15,1.5,06:00,4,1497.06
565,2026-09-03,7,A (06-14),L2,NEC-D15,1.5,06:00,5,1501.0
566,2026-09-03,7,A (06-14),L2,NEC-D15,1.5,08:00,1,1502.16
566,2026-09-03,7,A (06-14),L2,NEC-D15,1.5,08:00,2,1496.46
566,2026-09-03,7,A (06-14),L2,NEC-D15,1.5,08:00,3,1504.25
566,2026-09-03,7,A (06-14),L2,NEC-D15,1.5,08:00,4,1497.01
566,2026-09-03,7,A (06-14),L2,NEC-D15,1.5,08:00,5,1498.2
567,2026-09-03,7,A (06-14),L2,NEC-D15,1.5,10:00,1,1514.07
567,2026-09-03,7,A (06-14),L2,NEC-D15,1.5,10:00,2,1494.16
567,2026-09-03,7,A (06-14),L2,NEC-D15,1.5,10:00,3,1513.71
567,2026-09-03,7,A (06-14),L2,NEC-D15,1.5,10:00,4,1505.57
567,2026-09-03,7,A (06-14),L2,NEC-D15,1.5,10:00,5,1494.52
568,2026-09-03,7,A (06-14),L2,NEC-D15,1.5,12:00,1,1510.39
568,2026-09-03,7,A (06-14),L2,NEC-D15,1.5,12:00,2,1511.09
568,2026-09-03,7,A (06-14),L2,NEC-D15,1.5,12:00,3,1503.89
568,2026-09-03,7,A (06-14),L2,NEC-D15,1.5,12:00,4,1505.29
568,2026-09-03,7,A (06-14),L2,NEC-D15,1.5,12:00,5,1496.66
569,2026-09-03,7,B (14-22),L2,NEC-D30,3.0,14:00,1,3026.22
569,2026-09-03,7,B (14-22),L2,NEC-D30,3.0,14:00,2,3017.5
569,2026-09-03,7,B (14-22),L2,NEC-D30,3.0,14:00,3,3004.93
569,2026-09-03,7,B (14-22),L2,NEC-D30,3.0,14:00,4,3011.5
569,2026-09-03,7,B (14-22),L2,NEC-D30,3.0,14:00,5,3017.26
570,2026-09-03,7,B (14-22),L2,NEC-D30,3.0,16:00,1,3016.36
570,2026-09-03,7,B (14-22),L2,NEC-D30,3.0,16:00,2,2999.32
570,2026-09-03,7,B (14-22),L2,NEC-D30,3.0,16:00,3,3012.11
570,2026-09-03,7,B (14-22),L2,NEC-D30,3.0,16:00,4,3014.15
570,2026-09-03,7,B (14-22),L2,NEC-D30,3.0,16:00,5,2998.14
571,2026-09-03,7,B (14-22),L2,NEC-D30,3.0,18:00,1,3007.04
571,2026-09-03,7,B (14-22),L2,NEC-D30,3.0,18:00,2,3003.26
571,2026-09-03,7,B (14-22),L2,NEC-D30,3.0,18:00,3,3005.51
571,2026-09-03,7,B (14-22),L2,NEC-D30,3.0,18:00,4,3018.07
571,2026-09-03,7,B (14-22),L2,NEC-D30,3.0,18:00,5,3011.49
572,2026-09-03,7,B (14-22),L2,NEC-D30,3.0,20:00,1,3005.13
572,2026-09-03,7,B (14-22),L2,NEC-D30,3.0,20:00,2,2999.15
572,2026-09-03,7,B (14-22),L2,NEC-D30,3.0,20:00,3,3007.46
572,2026-09-03,7,B (14-22),L2,NEC-D30,3.0,20:00,4,3014.13
572,2026-09-03,7,B (14-22),L2,NEC-D30,3.0,20:00,5,3008.16
573,2026-09-03,7,C (22-06),L2,NEC-D15,1.5,22:00,1,1500.6
573,2026-09-03,7,C (22-06),L2,NEC-D15,1.5,22:00,2,1510.92
573,2026-09-03,7,C (22-06),L2,NEC-D15,1.5,22:00,3,1506.64
573,2026-09-03,7,C (22-06),L2,NEC-D15,1.5,22:00,4,1507.95
573,2026-09-03,7,C (22-06),L2,NEC-D15,1.5,22:00,5,1508.21
574,2026-09-03,7,C (22-06),L2,NEC-D15,1.5,00:00,1,1504.88
574,2026-09-03,7,C (22-06),L2,NEC-D15,1.5,00:00,2,1502.19
574,2026-09-03,7,C (22-06),L2,NEC-D15,1.5,00:00,3,1509.62
574,2026-09-03,7,C (22-06),L2,NEC-D15,1.5,00:00,4,1517.72
574,2026-09-03,7,C (22-06),L2,NEC-D15,1.5,00:00,5,1506.31
575,2026-09-03,7,C (22-06),L2,NEC-D15,1.5,02:00,1,1512.23
575,2026-09-03,7,C (22-06),L2,NEC-D15,1.5,02:00,2,1509.25
575,2026-09-03,7,C (22-06),L2,NEC-D15,1.5,02:00,3,1513.47
575,2026-09-03,7,C (22-06),L2,NEC-D15,1.5,02:00,4,1500.18
575,2026-09-03,7,C (22-06),L2,NEC-D15,1.5,02:00,5,1507.97
576,2026-09-03,7,C (22-06),L2,NEC-D15,1.5,04:00,1,1510.18
576,2026-09-03,7,C (22-06),L2,NEC-D15,1.5,04:00,2,1507.57
576,2026-09-03,7,C (22-06),L2,NEC-D15,1.5,04:00,3,1503.59
576,2026-09-03,7,C (22-06),L2,NEC-D15,1.5,04:00,4,1506.96
576,2026-09-03,7,C (22-06),L2,NEC-D15,1.5,04:00,5,1497.59
577,2026-09-04,7,A (06-14),L2,CIT-L30,3.0,06:00,1,2992.58
577,2026-09-04,7,A (06-14),L2,CIT-L30,3.0,06:00,2,3012.41
577,2026-09-04,7,A (06-14),L2,CIT-L30,3.0,06:00,3,3003.48
577,2026-09-04,7,A (06-14),L2,CIT-L30,3.0,06:00,4,3015.71
577,2026-09-04,7,A (06-14),L2,CIT-L30,3.0,06:00,5,3010.61
578,2026-09-04,7,A (06-14),L2,CIT-L30,3.0,08:00,1,2999.4
578,2026-09-04,7,A (06-14),L2,CIT-L30,3.0,08:00,2,3027.92
578,2026-09-04,7,A (06-14),L2,CIT-L30,3.0,08:00,3,3011.63
578,2026-09-04,7,A (06-14),L2,CIT-L30,3.0,08:00,4,2996.1
578,2026-09-04,7,A (06-14),L2,CIT-L30,3.0,08:00,5,3009.31
579,2026-09-04,7,A (06-14),L2,CIT-L30,3.0,10:00,1,3000.09
579,2026-09-04,7,A (06-14),L2,CIT-L30,3.0,10:00,2,3017.86
579,2026-09-04,7,A (06-14),L2,CIT-L30,3.0,10:00,3,3004.03
579,2026-09-04,7,A (06-14),L2,CIT-L30,3.0,10:00,4,3020.66
579,2026-09-04,7,A (06-14),L2,CIT-L30,3.0,10:00,5,3010.15
580,2026-09-04,7,A (06-14),L2,CIT-L30,3.0,12:00,1,3018.45
580,2026-09-04,7,A (06-14),L2,CIT-L30,3.0,12:00,2,3020.82
580,2026-09-04,7,A (06-14),L2,CIT-L30,3.0,12:00,3,3002.47
580,2026-09-04,7,A (06-14),L2,CIT-L30,3.0,12:00,4,3008.2
580,2026-09-04,7,A (06-14),L2,CIT-L30,3.0,12:00,5,3005.37
581,2026-09-04,7,B (14-22),L2,NEC-D15,1.5,14:00,1,1504.01
581,2026-09-04,7,B (14-22),L2,NEC-D15,1.5,14:00,2,1500.77
581,2026-09-04,7,B (14-22),L2,NEC-D15,1.5,14:00,3,1504.22
581,2026-09-04,7,B (14-22),L2,NEC-D15,1.5,14:00,4,1501.09
581,2026-09-04,7,B (14-22),L2,NEC-D15,1.5,14:00,5,1504.98
582,2026-09-04,7,B (14-22),L2,NEC-D15,1.5,16:00,1,1499.76
582,2026-09-04,7,B (14-22),L2,NEC-D15,1.5,16:00,2,1500.76
582,2026-09-04,7,B (14-22),L2,NEC-D15,1.5,16:00,3,1508.48
582,2026-09-04,7,B (14-22),L2,NEC-D15,1.5,16:00,4,1504.38
582,2026-09-04,7,B (14-22),L2,NEC-D15,1.5,16:00,5,1507.61
583,2026-09-04,7,B (14-22),L2,NEC-D15,1.5,18:00,1,1499.08
583,2026-09-04,7,B (14-22),L2,NEC-D15,1.5,18:00,2,1508.43
583,2026-09-04,7,B (14-22),L2,NEC-D15,1.5,18:00,3,1507.32
583,2026-09-04,7,B (14-22),L2,NEC-D15,1.5,18:00,4,1500.39
583,2026-09-04,7,B (14-22),L2,NEC-D15,1.5,18:00,5,1499.06
584,2026-09-04,7,B (14-22),L2,NEC-D15,1.5,20:00,1,1506.07
584,2026-09-04,7,B (14-22),L2,NEC-D15,1.5,20:00,2,1502.88
584,2026-09-04,7,B (14-22),L2,NEC-D15,1.5,20:00,3,1497.37
584,2026-09-04,7,B (14-22),L2,NEC-D15,1.5,20:00,4,1502.43
584,2026-09-04,7,B (14-22),L2,NEC-D15,1.5,20:00,5,1506.08
585,2026-09-04,7,C (22-06),L2,NEC-D15,1.5,22:00,1,1523.06
585,2026-09-04,7,C (22-06),L2,NEC-D15,1.5,22:00,2,1498.12
585,2026-09-04,7,C (22-06),L2,NEC-D15,1.5,22:00,3,1506.55
585,2026-09-04,7,C (22-06),L2,NEC-D15,1.5,22:00,4,1501.74
585,2026-09-04,7,C (22-06),L2,NEC-D15,1.5,22:00,5,1520.1
586,2026-09-04,7,C (22-06),L2,NEC-D15,1.5,00:00,1,1502.96
586,2026-09-04,7,C (22-06),L2,NEC-D15,1.5,00:00,2,1506.36
586,2026-09-04,7,C (22-06),L2,NEC-D15,1.5,00:00,3,1507.58
586,2026-09-04,7,C (22-06),L2,NEC-D15,1.5,00:00,4,1514.96
586,2026-09-04,7,C (22-06),L2,NEC-D15,1.5,00:00,5,1504.89
587,2026-09-04,7,C (22-06),L2,NEC-D15,1.5,02:00,1,1504.71
587,2026-09-04,7,C (22-06),L2,NEC-D15,1.5,02:00,2,1504.94
587,2026-09-04,7,C (22-06),L2,NEC-D15,1.5,02:00,3,1503.67
587,2026-09-04,7,C (22-06),L2,NEC-D15,1.5,02:00,4,1502.12
587,2026-09-04,7,C (22-06),L2,NEC-D15,1.5,02:00,5,1502.7
588,2026-09-04,7,C (22-06),L2,NEC-D15,1.5,04:00,1,1509.24
588,2026-09-04,7,C (22-06),L2,NEC-D15,1.5,04:00,2,1503.58
588,2026-09-04,7,C (22-06),L2,NEC-D15,1.5,04:00,3,1500.09
588,2026-09-04,7,C (22-06),L2,NEC-D15,1.5,04:00,4,1496.18
588,2026-09-04,7,C (22-06),L2,NEC-D15,1.5,04:00,5,1506.85
589,2026-09-07,8,A (06-14),L1,FUN-B05,0.5,06:00,1,503.62
589,2026-09-07,8,A (06-14),L1,FUN-B05,0.5,06:00,2,500.49
589,2026-09-07,8,A (06-14),L1,FUN-B05,0.5,06:00,3,501.84
589,2026-09-07,8,A (06-14),L1,FUN-B05,0.5,06:00,4,506.22
589,2026-09-07,8,A (06-14),L1,FUN-B05,0.5,06:00,5,499.72
590,2026-09-07,8,A (06-14),L1,FUN-B05,0.5,08:00,1,506.38
590,2026-09-07,8,A (06-14),L1,FUN-B05,0.5,08:00,2,506.44
590,2026-09-07,8,A (06-14),L1,FUN-B05,0.5,08:00,3,502.67
590,2026-09-07,8,A (06-14),L1,FUN-B05,0.5,08:00,4,510.92
590,2026-09-07,8,A (06-14),L1,FUN-B05,0.5,08:00,5,502.19
591,2026-09-07,8,A (06-14),L1,FUN-B05,0.5,10:00,1,508.92
591,2026-09-07,8,A (06-14),L1,FUN-B05,0.5,10:00,2,508.77
591,2026-09-07,8,A (06-14),L1,FUN-B05,0.5,10:00,3,504.7
591,2026-09-07,8,A (06-14),L1,FUN-B05,0.5,10:00,4,504.5
591,2026-09-07,8,A (06-14),L1,FUN-B05,0.5,10:00,5,504.56
592,2026-09-07,8,A (06-14),L1,FUN-B05,0.5,12:00,1,507.49
592,2026-09-07,8,A (06-14),L1,FUN-B05,0.5,12:00,2,502.67
592,2026-09-07,8,A (06-14),L1,FUN-B05,0.5,12:00,3,506.8
592,2026-09-07,8,A (06-14),L1,FUN-B05,0.5,12:00,4,507.43
592,2026-09-07,8,A (06-14),L1,FUN-B05,0.5,12:00,5,507.47
593,2026-09-07,8,B (14-22),L1,NEC-D05,0.5,14:00,1,504.79
593,2026-09-07,8,B (14-22),L1,NEC-D05,0.5,14:00,2,506.51
593,2026-09-07,8,B (14-22),L1,NEC-D05,0.5,14:00,3,505.27
593,2026-09-07,8,B (14-22),L1,NEC-D05,0.5,14:00,4,507.96
593,2026-09-07,8,B (14-22),L1,NEC-D05,0.5,14:00,5,507.03
594,2026-09-07,8,B (14-22),L1,NEC-D05,0.5,16:00,1,506.18
594,2026-09-07,8,B (14-22),L1,NEC-D05,0.5,16:00,2,507.97
594,2026-09-07,8,B (14-22),L1,NEC-D05,0.5,16:00,3,506.75
594,2026-09-07,8,B (14-22),L1,NEC-D05,0.5,16:00,4,505.69
594,2026-09-07,8,B (14-22),L1,NEC-D05,0.5,16:00,5,507.52
595,2026-09-07,8,B (14-22),L1,NEC-D05,0.5,18:00,1,501.47
595,2026-09-07,8,B (14-22),L1,NEC-D05,0.5,18:00,2,507.28
595,2026-09-07,8,B (14-22),L1,NEC-D05,0.5,18:00,3,506.07
595,2026-09-07,8,B (14-22),L1,NEC-D05,0.5,18:00,4,506.27
595,2026-09-07,8,B (14-22),L1,NEC-D05,0.5,18:00,5,507.88
596,2026-09-07,8,B (14-22),L1,NEC-D05,0.5,20:00,1,503.99
596,2026-09-07,8,B (14-22),L1,NEC-D05,0.5,20:00,2,506.35
596,2026-09-07,8,B (14-22),L1,NEC-D05,0.5,20:00,3,506.51
596,2026-09-07,8,B (14-22),L1,NEC-D05,0.5,20:00,4,509.93
596,2026-09-07,8,B (14-22),L1,NEC-D05,0.5,20:00,5,504.63
597,2026-09-08,8,A (06-14),L1,NEC-D05,0.5,06:00,1,506.6
597,2026-09-08,8,A (06-14),L1,NEC-D05,0.5,06:00,2,503.3
597,2026-09-08,8,A (06-14),L1,NEC-D05,0.5,06:00,3,503.71
597,2026-09-08,8,A (06-14),L1,NEC-D05,0.5,06:00,4,507.97
597,2026-09-08,8,A (06-14),L1,NEC-D05,0.5,06:00,5,505.59
598,2026-09-08,8,A (06-14),L1,NEC-D05,0.5,08:00,1,507.84
598,2026-09-08,8,A (06-14),L1,NEC-D05,0.5,08:00,2,505.47
598,2026-09-08,8,A (06-14),L1,NEC-D05,0.5,08:00,3,503.39
598,2026-09-08,8,A (06-14),L1,NEC-D05,0.5,08:00,4,505.05
598,2026-09-08,8,A (06-14),L1,NEC-D05,0.5,08:00,5,508.99
599,2026-09-08,8,A (06-14),L1,NEC-D05,0.5,10:00,1,504.2
599,2026-09-08,8,A (06-14),L1,NEC-D05,0.5,10:00,2,509.51
599,2026-09-08,8,A (06-14),L1,NEC-D05,0.5,10:00,3,505.47
599,2026-09-08,8,A (06-14),L1,NEC-D05,0.5,10:00,4,506.77
599,2026-09-08,8,A (06-14),L1,NEC-D05,0.5,10:00,5,503.3
600,2026-09-08,8,A (06-14),L1,NEC-D05,0.5,12:00,1,504.66
600,2026-09-08,8,A (06-14),L1,NEC-D05,0.5,12:00,2,503.43
600,2026-09-08,8,A (06-14),L1,NEC-D05,0.5,12:00,3,504.65
600,2026-09-08,8,A (06-14),L1,NEC-D05,0.5,12:00,4,503.24
600,2026-09-08,8,A (06-14),L1,NEC-D05,0.5,12:00,5,503.66
601,2026-09-08,8,B (14-22),L1,NEC-D05,0.5,14:00,1,505.64
601,2026-09-08,8,B (14-22),L1,NEC-D05,0.5,14:00,2,502.78
601,2026-09-08,8,B (14-22),L1,NEC-D05,0.5,14:00,3,503.9
601,2026-09-08,8,B (14-22),L1,NEC-D05,0.5,14:00,4,508.93
601,2026-09-08,8,B (14-22),L1,NEC-D05,0.5,14:00,5,505.82
602,2026-09-08,8,B (14-22),L1,NEC-D05,0.5,16:00,1,505.88
602,2026-09-08,8,B (14-22),L1,NEC-D05,0.5,16:00,2,507.98
602,2026-09-08,8,B (14-22),L1,NEC-D05,0.5,16:00,3,508.72
602,2026-09-08,8,B (14-22),L1,NEC-D05,0.5,16:00,4,508.41
602,2026-09-08,8,B (14-22),L1,NEC-D05,0.5,16:00,5,505.34
603,2026-09-08,8,B (14-22),L1,NEC-D05,0.5,18:00,1,510.56
603,2026-09-08,8,B (14-22),L1,NEC-D05,0.5,18:00,2,505.47
603,2026-09-08,8,B (14-22),L1,NEC-D05,0.5,18:00,3,505.89
603,2026-09-08,8,B (14-22),L1,NEC-D05,0.5,18:00,4,506.45
603,2026-09-08,8,B (14-22),L1,NEC-D05,0.5,18:00,5,509.56
604,2026-09-08,8,B (14-22),L1,NEC-D05,0.5,20:00,1,505.8
604,2026-09-08,8,B (14-22),L1,NEC-D05,0.5,20:00,2,503.75
604,2026-09-08,8,B (14-22),L1,NEC-D05,0.5,20:00,3,505.17
604,2026-09-08,8,B (14-22),L1,NEC-D05,0.5,20:00,4,503.85
604,2026-09-08,8,B (14-22),L1,NEC-D05,0.5,20:00,5,504.45
605,2026-09-09,8,A (06-14),L1,CIT-L05,0.5,06:00,1,507.88
605,2026-09-09,8,A (06-14),L1,CIT-L05,0.5,06:00,2,506.08
605,2026-09-09,8,A (06-14),L1,CIT-L05,0.5,06:00,3,502.16
605,2026-09-09,8,A (06-14),L1,CIT-L05,0.5,06:00,4,507.82
605,2026-09-09,8,A (06-14),L1,CIT-L05,0.5,06:00,5,508.15
606,2026-09-09,8,A (06-14),L1,CIT-L05,0.5,08:00,1,507.34
606,2026-09-09,8,A (06-14),L1,CIT-L05,0.5,08:00,2,504.85
606,2026-09-09,8,A (06-14),L1,CIT-L05,0.5,08:00,3,504.35
606,2026-09-09,8,A (06-14),L1,CIT-L05,0.5,08:00,4,507.99
606,2026-09-09,8,A (06-14),L1,CIT-L05,0.5,08:00,5,508.24
607,2026-09-09,8,A (06-14),L1,CIT-L05,0.5,10:00,1,506.28
607,2026-09-09,8,A (06-14),L1,CIT-L05,0.5,10:00,2,505.16
607,2026-09-09,8,A (06-14),L1,CIT-L05,0.5,10:00,3,503.42
607,2026-09-09,8,A (06-14),L1,CIT-L05,0.5,10:00,4,505.47
607,2026-09-09,8,A (06-14),L1,CIT-L05,0.5,10:00,5,507.13
608,2026-09-09,8,A (06-14),L1,CIT-L05,0.5,12:00,1,508.5
608,2026-09-09,8,A (06-14),L1,CIT-L05,0.5,12:00,2,507.73
608,2026-09-09,8,A (06-14),L1,CIT-L05,0.5,12:00,3,504.61
608,2026-09-09,8,A (06-14),L1,CIT-L05,0.5,12:00,4,500.05
608,2026-09-09,8,A (06-14),L1,CIT-L05,0.5,12:00,5,508.37
609,2026-09-09,8,B (14-22),L1,CIT-L05,0.5,14:00,1,507.6
609,2026-09-09,8,B (14-22),L1,CIT-L05,0.5,14:00,2,506.24
609,2026-09-09,8,B (14-22),L1,CIT-L05,0.5,14:00,3,501.75
609,2026-09-09,8,B (14-22),L1,CIT-L05,0.5,14:00,4,505.56
609,2026-09-09,8,B (14-22),L1,CIT-L05,0.5,14:00,5,507.54
610,2026-09-09,8,B (14-22),L1,CIT-L05,0.5,16:00,1,506.79
610,2026-09-09,8,B (14-22),L1,CIT-L05,0.5,16:00,2,506.58
610,2026-09-09,8,B (14-22),L1,CIT-L05,0.5,16:00,3,506.97
610,2026-09-09,8,B (14-22),L1,CIT-L05,0.5,16:00,4,506.43
610,2026-09-09,8,B (14-22),L1,CIT-L05,0.5,16:00,5,504.22
611,2026-09-09,8,B (14-22),L1,CIT-L05,0.5,18:00,1,505.63
611,2026-09-09,8,B (14-22),L1,CIT-L05,0.5,18:00,2,508.01
611,2026-09-09,8,B (14-22),L1,CIT-L05,0.5,18:00,3,507.75
611,2026-09-09,8,B (14-22),L1,CIT-L05,0.5,18:00,4,507.47
611,2026-09-09,8,B (14-22),L1,CIT-L05,0.5,18:00,5,503.48
612,2026-09-09,8,B (14-22),L1,CIT-L05,0.5,20:00,1,506.13
612,2026-09-09,8,B (14-22),L1,CIT-L05,0.5,20:00,2,505.47
612,2026-09-09,8,B (14-22),L1,CIT-L05,0.5,20:00,3,507.72
612,2026-09-09,8,B (14-22),L1,CIT-L05,0.5,20:00,4,503.7
612,2026-09-09,8,B (14-22),L1,CIT-L05,0.5,20:00,5,505.52
613,2026-09-07,8,A (06-14),L2,CIT-L30,3.0,06:00,1,3003.1
613,2026-09-07,8,A (06-14),L2,CIT-L30,3.0,06:00,2,3009.21
613,2026-09-07,8,A (06-14),L2,CIT-L30,3.0,06:00,3,3014.09
613,2026-09-07,8,A (06-14),L2,CIT-L30,3.0,06:00,4,3022.2
613,2026-09-07,8,A (06-14),L2,CIT-L30,3.0,06:00,5,3008.59
614,2026-09-07,8,A (06-14),L2,CIT-L30,3.0,08:00,1,3018.46
614,2026-09-07,8,A (06-14),L2,CIT-L30,3.0,08:00,2,3006.25
614,2026-09-07,8,A (06-14),L2,CIT-L30,3.0,08:00,3,3003.29
614,2026-09-07,8,A (06-14),L2,CIT-L30,3.0,08:00,4,3013.62
614,2026-09-07,8,A (06-14),L2,CIT-L30,3.0,08:00,5,3010.69
615,2026-09-07,8,A (06-14),L2,CIT-L30,3.0,10:00,1,2996.51
615,2026-09-07,8,A (06-14),L2,CIT-L30,3.0,10:00,2,2998.23
615,2026-09-07,8,A (06-14),L2,CIT-L30,3.0,10:00,3,3001.8
615,2026-09-07,8,A (06-14),L2,CIT-L30,3.0,10:00,4,3005.2
615,2026-09-07,8,A (06-14),L2,CIT-L30,3.0,10:00,5,2990.8
616,2026-09-07,8,A (06-14),L2,CIT-L30,3.0,12:00,1,3008.0
616,2026-09-07,8,A (06-14),L2,CIT-L30,3.0,12:00,2,3013.84
616,2026-09-07,8,A (06-14),L2,CIT-L30,3.0,12:00,3,3020.98
616,2026-09-07,8,A (06-14),L2,CIT-L30,3.0,12:00,4,3005.35
616,2026-09-07,8,A (06-14),L2,CIT-L30,3.0,12:00,5,3005.21
617,2026-09-07,8,B (14-22),L2,CIT-L15,1.5,14:00,1,1503.78
617,2026-09-07,8,B (14-22),L2,CIT-L15,1.5,14:00,2,1506.7
617,2026-09-07,8,B (14-22),L2,CIT-L15,1.5,14:00,3,1505.25
617,2026-09-07,8,B (14-22),L2,CIT-L15,1.5,14:00,4,1501.8
617,2026-09-07,8,B (14-22),L2,CIT-L15,1.5,14:00,5,1501.92
618,2026-09-07,8,B (14-22),L2,CIT-L15,1.5,16:00,1,1496.37
618,2026-09-07,8,B (14-22),L2,CIT-L15,1.5,16:00,2,1499.73
618,2026-09-07,8,B (14-22),L2,CIT-L15,1.5,16:00,3,1503.1
618,2026-09-07,8,B (14-22),L2,CIT-L15,1.5,16:00,4,1502.93
618,2026-09-07,8,B (14-22),L2,CIT-L15,1.5,16:00,5,1511.9
619,2026-09-07,8,B (14-22),L2,CIT-L15,1.5,18:00,1,1503.0
619,2026-09-07,8,B (14-22),L2,CIT-L15,1.5,18:00,2,1503.25
619,2026-09-07,8,B (14-22),L2,CIT-L15,1.5,18:00,3,1505.33
619,2026-09-07,8,B (14-22),L2,CIT-L15,1.5,18:00,4,1501.59
619,2026-09-07,8,B (14-22),L2,CIT-L15,1.5,18:00,5,1498.37
620,2026-09-07,8,B (14-22),L2,CIT-L15,1.5,20:00,1,1500.56
620,2026-09-07,8,B (14-22),L2,CIT-L15,1.5,20:00,2,1501.95
620,2026-09-07,8,B (14-22),L2,CIT-L15,1.5,20:00,3,1503.04
620,2026-09-07,8,B (14-22),L2,CIT-L15,1.5,20:00,4,1501.51
620,2026-09-07,8,B (14-22),L2,CIT-L15,1.5,20:00,5,1498.02
621,2026-09-07,8,C (22-06),L2,NEC-D30,3.0,22:00,1,3028.47
621,2026-09-07,8,C (22-06),L2,NEC-D30,3.0,22:00,2,3005.14
621,2026-09-07,8,C (22-06),L2,NEC-D30,3.0,22:00,3,3002.64
621,2026-09-07,8,C (22-06),L2,NEC-D30,3.0,22:00,4,3000.86
621,2026-09-07,8,C (22-06),L2,NEC-D30,3.0,22:00,5,3020.48
622,2026-09-07,8,C (22-06),L2,NEC-D30,3.0,00:00,1,3022.58
622,2026-09-07,8,C (22-06),L2,NEC-D30,3.0,00:00,2,3019.26
622,2026-09-07,8,C (22-06),L2,NEC-D30,3.0,00:00,3,3011.72
622,2026-09-07,8,C (22-06),L2,NEC-D30,3.0,00:00,4,3011.19
622,2026-09-07,8,C (22-06),L2,NEC-D30,3.0,00:00,5,3018.97
623,2026-09-07,8,C (22-06),L2,NEC-D30,3.0,02:00,1,3004.42
623,2026-09-07,8,C (22-06),L2,NEC-D30,3.0,02:00,2,3007.57
623,2026-09-07,8,C (22-06),L2,NEC-D30,3.0,02:00,3,3009.32
623,2026-09-07,8,C (22-06),L2,NEC-D30,3.0,02:00,4,3011.32
623,2026-09-07,8,C (22-06),L2,NEC-D30,3.0,02:00,5,3033.11
624,2026-09-07,8,C (22-06),L2,NEC-D30,3.0,04:00,1,2991.46
624,2026-09-07,8,C (22-06),L2,NEC-D30,3.0,04:00,2,3001.28
624,2026-09-07,8,C (22-06),L2,NEC-D30,3.0,04:00,3,3021.66
624,2026-09-07,8,C (22-06),L2,NEC-D30,3.0,04:00,4,3010.27
624,2026-09-07,8,C (22-06),L2,NEC-D30,3.0,04:00,5,3009.71
625,2026-09-08,8,A (06-14),L2,CIT-L15,1.5,06:00,1,1505.38
625,2026-09-08,8,A (06-14),L2,CIT-L15,1.5,06:00,2,1499.79
625,2026-09-08,8,A (06-14),L2,CIT-L15,1.5,06:00,3,1502.86
625,2026-09-08,8,A (06-14),L2,CIT-L15,1.5,06:00,4,1508.63
625,2026-09-08,8,A (06-14),L2,CIT-L15,1.5,06:00,5,1507.49
626,2026-09-08,8,A (06-14),L2,CIT-L15,1.5,08:00,1,1509.22
626,2026-09-08,8,A (06-14),L2,CIT-L15,1.5,08:00,2,1501.33
626,2026-09-08,8,A (06-14),L2,CIT-L15,1.5,08:00,3,1504.94
626,2026-09-08,8,A (06-14),L2,CIT-L15,1.5,08:00,4,1503.3
626,2026-09-08,8,A (06-14),L2,CIT-L15,1.5,08:00,5,1493.85
627,2026-09-08,8,A (06-14),L2,CIT-L15,1.5,10:00,1,1505.74
627,2026-09-08,8,A (06-14),L2,CIT-L15,1.5,10:00,2,1499.49
627,2026-09-08,8,A (06-14),L2,CIT-L15,1.5,10:00,3,1503.96
627,2026-09-08,8,A (06-14),L2,CIT-L15,1.5,10:00,4,1498.14
627,2026-09-08,8,A (06-14),L2,CIT-L15,1.5,10:00,5,1503.33
628,2026-09-08,8,A (06-14),L2,CIT-L15,1.5,12:00,1,1494.93
628,2026-09-08,8,A (06-14),L2,CIT-L15,1.5,12:00,2,1512.83
628,2026-09-08,8,A (06-14),L2,CIT-L15,1.5,12:00,3,1503.92
628,2026-09-08,8,A (06-14),L2,CIT-L15,1.5,12:00,4,1503.88
628,2026-09-08,8,A (06-14),L2,CIT-L15,1.5,12:00,5,1501.21
629,2026-09-08,8,B (14-22),L2,FUN-B15,1.5,14:00,1,1512.67
629,2026-09-08,8,B (14-22),L2,FUN-B15,1.5,14:00,2,1502.67
629,2026-09-08,8,B (14-22),L2,FUN-B15,1.5,14:00,3,1502.57
629,2026-09-08,8,B (14-22),L2,FUN-B15,1.5,14:00,4,1504.06
629,2026-09-08,8,B (14-22),L2,FUN-B15,1.5,14:00,5,1512.79
630,2026-09-08,8,B (14-22),L2,FUN-B15,1.5,16:00,1,1496.71
630,2026-09-08,8,B (14-22),L2,FUN-B15,1.5,16:00,2,1503.02
630,2026-09-08,8,B (14-22),L2,FUN-B15,1.5,16:00,3,1504.88
630,2026-09-08,8,B (14-22),L2,FUN-B15,1.5,16:00,4,1497.62
630,2026-09-08,8,B (14-22),L2,FUN-B15,1.5,16:00,5,1504.55
631,2026-09-08,8,B (14-22),L2,FUN-B15,1.5,18:00,1,1501.92
631,2026-09-08,8,B (14-22),L2,FUN-B15,1.5,18:00,2,1501.41
631,2026-09-08,8,B (14-22),L2,FUN-B15,1.5,18:00,3,1508.27
631,2026-09-08,8,B (14-22),L2,FUN-B15,1.5,18:00,4,1499.04
631,2026-09-08,8,B (14-22),L2,FUN-B15,1.5,18:00,5,1497.64
632,2026-09-08,8,B (14-22),L2,FUN-B15,1.5,20:00,1,1500.01
632,2026-09-08,8,B (14-22),L2,FUN-B15,1.5,20:00,2,1502.51
632,2026-09-08,8,B (14-22),L2,FUN-B15,1.5,20:00,3,1505.05
632,2026-09-08,8,B (14-22),L2,FUN-B15,1.5,20:00,4,1504.6
632,2026-09-08,8,B (14-22),L2,FUN-B15,1.5,20:00,5,1495.85
633,2026-09-08,8,C (22-06),L2,FUN-B15,1.5,22:00,1,1504.14
633,2026-09-08,8,C (22-06),L2,FUN-B15,1.5,22:00,2,1501.93
633,2026-09-08,8,C (22-06),L2,FUN-B15,1.5,22:00,3,1498.38
633,2026-09-08,8,C (22-06),L2,FUN-B15,1.5,22:00,4,1509.1
633,2026-09-08,8,C (22-06),L2,FUN-B15,1.5,22:00,5,1506.08
634,2026-09-08,8,C (22-06),L2,FUN-B15,1.5,00:00,1,1508.1
634,2026-09-08,8,C (22-06),L2,FUN-B15,1.5,00:00,2,1509.1
634,2026-09-08,8,C (22-06),L2,FUN-B15,1.5,00:00,3,1507.62
634,2026-09-08,8,C (22-06),L2,FUN-B15,1.5,00:00,4,1501.46
634,2026-09-08,8,C (22-06),L2,FUN-B15,1.5,00:00,5,1497.95
635,2026-09-08,8,C (22-06),L2,FUN-B15,1.5,02:00,1,1496.31
635,2026-09-08,8,C (22-06),L2,FUN-B15,1.5,02:00,2,1515.0
635,2026-09-08,8,C (22-06),L2,FUN-B15,1.5,02:00,3,1510.2
635,2026-09-08,8,C (22-06),L2,FUN-B15,1.5,02:00,4,1506.37
635,2026-09-08,8,C (22-06),L2,FUN-B15,1.5,02:00,5,1509.29
636,2026-09-08,8,C (22-06),L2,FUN-B15,1.5,04:00,1,1519.39
636,2026-09-08,8,C (22-06),L2,FUN-B15,1.5,04:00,2,1505.57
636,2026-09-08,8,C (22-06),L2,FUN-B15,1.5,04:00,3,1510.74
636,2026-09-08,8,C (22-06),L2,FUN-B15,1.5,04:00,4,1511.62
636,2026-09-08,8,C (22-06),L2,FUN-B15,1.5,04:00,5,1510.19
637,2026-09-09,8,A (06-14),L2,CIT-L30,3.0,06:00,1,3004.12
637,2026-09-09,8,A (06-14),L2,CIT-L30,3.0,06:00,2,3013.04
637,2026-09-09,8,A (06-14),L2,CIT-L30,3.0,06:00,3,3005.32
637,2026-09-09,8,A (06-14),L2,CIT-L30,3.0,06:00,4,3002.05
637,2026-09-09,8,A (06-14),L2,CIT-L30,3.0,06:00,5,3008.19
638,2026-09-09,8,A (06-14),L2,CIT-L30,3.0,08:00,1,3010.62
638,2026-09-09,8,A (06-14),L2,CIT-L30,3.0,08:00,2,3010.41
638,2026-09-09,8,A (06-14),L2,CIT-L30,3.0,08:00,3,3011.52
638,2026-09-09,8,A (06-14),L2,CIT-L30,3.0,08:00,4,3003.2
638,2026-09-09,8,A (06-14),L2,CIT-L30,3.0,08:00,5,2995.63
639,2026-09-09,8,A (06-14),L2,CIT-L30,3.0,10:00,1,2994.03
639,2026-09-09,8,A (06-14),L2,CIT-L30,3.0,10:00,2,3018.53
639,2026-09-09,8,A (06-14),L2,CIT-L30,3.0,10:00,3,3013.77
639,2026-09-09,8,A (06-14),L2,CIT-L30,3.0,10:00,4,3005.16
639,2026-09-09,8,A (06-14),L2,CIT-L30,3.0,10:00,5,3016.96
640,2026-09-09,8,A (06-14),L2,CIT-L30,3.0,12:00,1,3008.77
640,2026-09-09,8,A (06-14),L2,CIT-L30,3.0,12:00,2,2998.8
640,2026-09-09,8,A (06-14),L2,CIT-L30,3.0,12:00,3,3009.07
640,2026-09-09,8,A (06-14),L2,CIT-L30,3.0,12:00,4,3002.58
640,2026-09-09,8,A (06-14),L2,CIT-L30,3.0,12:00,5,3007.56
641,2026-09-09,8,B (14-22),L2,CIT-L30,3.0,14:00,1,3015.15
641,2026-09-09,8,B (14-22),L2,CIT-L30,3.0,14:00,2,3000.69
641,2026-09-09,8,B (14-22),L2,CIT-L30,3.0,14:00,3,3009.08
641,2026-09-09,8,B (14-22),L2,CIT-L30,3.0,14:00,4,3012.86
641,2026-09-09,8,B (14-22),L2,CIT-L30,3.0,14:00,5,3003.94
642,2026-09-09,8,B (14-22),L2,CIT-L30,3.0,16:00,1,2990.92
642,2026-09-09,8,B (14-22),L2,CIT-L30,3.0,16:00,2,2995.13
642,2026-09-09,8,B (14-22),L2,CIT-L30,3.0,16:00,3,2999.66
642,2026-09-09,8,B (14-22),L2,CIT-L30,3.0,16:00,4,3002.99
642,2026-09-09,8,B (14-22),L2,CIT-L30,3.0,16:00,5,3006.76
643,2026-09-09,8,B (14-22),L2,CIT-L30,3.0,18:00,1,3000.16
643,2026-09-09,8,B (14-22),L2,CIT-L30,3.0,18:00,2,2995.57
643,2026-09-09,8,B (14-22),L2,CIT-L30,3.0,18:00,3,3006.51
643,2026-09-09,8,B (14-22),L2,CIT-L30,3.0,18:00,4,3011.48
643,2026-09-09,8,B (14-22),L2,CIT-L30,3.0,18:00,5,3006.95
644,2026-09-09,8,B (14-22),L2,CIT-L30,3.0,20:00,1,3004.88
644,2026-09-09,8,B (14-22),L2,CIT-L30,3.0,20:00,2,2989.99
644,2026-09-09,8,B (14-22),L2,CIT-L30,3.0,20:00,3,3004.49
644,2026-09-09,8,B (14-22),L2,CIT-L30,3.0,20:00,4,3000.86
644,2026-09-09,8,B (14-22),L2,CIT-L30,3.0,20:00,5,3005.39
645,2026-09-09,8,C (22-06),L2,CIT-L30,3.0,22:00,1,3013.77
645,2026-09-09,8,C (22-06),L2,CIT-L30,3.0,22:00,2,3011.31
645,2026-09-09,8,C (22-06),L2,CIT-L30,3.0,22:00,3,3000.76
645,2026-09-09,8,C (22-06),L2,CIT-L30,3.0,22:00,4,2997.87
645,2026-09-09,8,C (22-06),L2,CIT-L30,3.0,22:00,5,3014.05
646,2026-09-09,8,C (22-06),L2,CIT-L30,3.0,00:00,1,2996.77
646,2026-09-09,8,C (22-06),L2,CIT-L30,3.0,00:00,2,2997.29
646,2026-09-09,8,C (22-06),L2,CIT-L30,3.0,00:00,3,3010.43
646,2026-09-09,8,C (22-06),L2,CIT-L30,3.0,00:00,4,3000.65
646,2026-09-09,8,C (22-06),L2,CIT-L30,3.0,00:00,5,3017.66
647,2026-09-09,8,C (22-06),L2,CIT-L30,3.0,02:00,1,3011.68
647,2026-09-09,8,C (22-06),L2,CIT-L30,3.0,02:00,2,3005.58
647,2026-09-09,8,C (22-06),L2,CIT-L30,3.0,02:00,3,2996.38
647,2026-09-09,8,C (22-06),L2,CIT-L30,3.0,02:00,4,3008.29
647,2026-09-09,8,C (22-06),L2,CIT-L30,3.0,02:00,5,3021.84
648,2026-09-09,8,C (22-06),L2,CIT-L30,3.0,04:00,1,3011.35
648,2026-09-09,8,C (22-06),L2,CIT-L30,3.0,04:00,2,3006.97
648,2026-09-09,8,C (22-06),L2,CIT-L30,3.0,04:00,3,2995.73
648,2026-09-09,8,C (22-06),L2,CIT-L30,3.0,04:00,4,3014.14
648,2026-09-09,8,C (22-06),L2,CIT-L30,3.0,04:00,5,3010.79
649,2026-09-10,8,A (06-14),L2,NEC-D30,3.0,06:00,1,2999.07
649,2026-09-10,8,A (06-14),L2,NEC-D30,3.0,06:00,2,3000.63
649,2026-09-10,8,A (06-14),L2,NEC-D30,3.0,06:00,3,3004.21
649,2026-09-10,8,A (06-14),L2,NEC-D30,3.0,06:00,4,2987.04
649,2026-09-10,8,A (06-14),L2,NEC-D30,3.0,06:00,5,3003.15
650,2026-09-10,8,A (06-14),L2,NEC-D30,3.0,08:00,1,3019.16
650,2026-09-10,8,A (06-14),L2,NEC-D30,3.0,08:00,2,3021.19
650,2026-09-10,8,A (06-14),L2,NEC-D30,3.0,08:00,3,3010.9
650,2026-09-10,8,A (06-14),L2,NEC-D30,3.0,08:00,4,3008.78
650,2026-09-10,8,A (06-14),L2,NEC-D30,3.0,08:00,5,3010.13
651,2026-09-10,8,A (06-14),L2,NEC-D30,3.0,10:00,1,3008.55
651,2026-09-10,8,A (06-14),L2,NEC-D30,3.0,10:00,2,3008.4
651,2026-09-10,8,A (06-14),L2,NEC-D30,3.0,10:00,3,3000.12
651,2026-09-10,8,A (06-14),L2,NEC-D30,3.0,10:00,4,3010.97
651,2026-09-10,8,A (06-14),L2,NEC-D30,3.0,10:00,5,3016.85
652,2026-09-10,8,A (06-14),L2,NEC-D30,3.0,12:00,1,3020.51
652,2026-09-10,8,A (06-14),L2,NEC-D30,3.0,12:00,2,3007.05
652,2026-09-10,8,A (06-14),L2,NEC-D30,3.0,12:00,3,3003.06
652,2026-09-10,8,A (06-14),L2,NEC-D30,3.0,12:00,4,3012.62
652,2026-09-10,8,A (06-14),L2,NEC-D30,3.0,12:00,5,3000.13
653,2026-09-10,8,B (14-22),L2,CIT-L30,3.0,14:00,1,2995.35
653,2026-09-10,8,B (14-22),L2,CIT-L30,3.0,14:00,2,3003.94
653,2026-09-10,8,B (14-22),L2,CIT-L30,3.0,14:00,3,2992.95
653,2026-09-10,8,B (14-22),L2,CIT-L30,3.0,14:00,4,2999.66
653,2026-09-10,8,B (14-22),L2,CIT-L30,3.0,14:00,5,3006.78
654,2026-09-10,8,B (14-22),L2,CIT-L30,3.0,16:00,1,3007.24
654,2026-09-10,8,B (14-22),L2,CIT-L30,3.0,16:00,2,3007.55
654,2026-09-10,8,B (14-22),L2,CIT-L30,3.0,16:00,3,3013.34
654,2026-09-10,8,B (14-22),L2,CIT-L30,3.0,16:00,4,3012.76
654,2026-09-10,8,B (14-22),L2,CIT-L30,3.0,16:00,5,3017.95
655,2026-09-10,8,B (14-22),L2,CIT-L30,3.0,18:00,1,2995.33
655,2026-09-10,8,B (14-22),L2,CIT-L30,3.0,18:00,2,3008.74
655,2026-09-10,8,B (14-22),L2,CIT-L30,3.0,18:00,3,2995.34
655,2026-09-10,8,B (14-22),L2,CIT-L30,3.0,18:00,4,2999.66
655,2026-09-10,8,B (14-22),L2,CIT-L30,3.0,18:00,5,3024.01
656,2026-09-10,8,B (14-22),L2,CIT-L30,3.0,20:00,1,3007.95
656,2026-09-10,8,B (14-22),L2,CIT-L30,3.0,20:00,2,3024.45
656,2026-09-10,8,B (14-22),L2,CIT-L30,3.0,20:00,3,3002.66
656,2026-09-10,8,B (14-22),L2,CIT-L30,3.0,20:00,4,3014.9
656,2026-09-10,8,B (14-22),L2,CIT-L30,3.0,20:00,5,3017.19
657,2026-09-10,8,C (22-06),L2,NEC-D30,3.0,22:00,1,3021.6
657,2026-09-10,8,C (22-06),L2,NEC-D30,3.0,22:00,2,3017.12
657,2026-09-10,8,C (22-06),L2,NEC-D30,3.0,22:00,3,3000.07
657,2026-09-10,8,C (22-06),L2,NEC-D30,3.0,22:00,4,3008.32
657,2026-09-10,8,C (22-06),L2,NEC-D30,3.0,22:00,5,3023.06
658,2026-09-10,8,C (22-06),L2,NEC-D30,3.0,00:00,1,3015.66
658,2026-09-10,8,C (22-06),L2,NEC-D30,3.0,00:00,2,3014.06
658,2026-09-10,8,C (22-06),L2,NEC-D30,3.0,00:00,3,3014.58
658,2026-09-10,8,C (22-06),L2,NEC-D30,3.0,00:00,4,3000.0
658,2026-09-10,8,C (22-06),L2,NEC-D30,3.0,00:00,5,3011.85
659,2026-09-10,8,C (22-06),L2,NEC-D30,3.0,02:00,1,3016.4
659,2026-09-10,8,C (22-06),L2,NEC-D30,3.0,02:00,2,2997.81
659,2026-09-10,8,C (22-06),L2,NEC-D30,3.0,02:00,3,3008.73
659,2026-09-10,8,C (22-06),L2,NEC-D30,3.0,02:00,4,3015.76
659,2026-09-10,8,C (22-06),L2,NEC-D30,3.0,02:00,5,3021.15
660,2026-09-10,8,C (22-06),L2,NEC-D30,3.0,04:00,1,3014.03
660,2026-09-10,8,C (22-06),L2,NEC-D30,3.0,04:00,2,3005.72
660,2026-09-10,8,C (22-06),L2,NEC-D30,3.0,04:00,3,3013.8
660,2026-09-10,8,C (22-06),L2,NEC-D30,3.0,04:00,4,3000.1
660,2026-09-10,8,C (22-06),L2,NEC-D30,3.0,04:00,5,3021.2
661,2026-09-11,8,A (06-14),L2,NEC-D15,1.5,06:00,1,1496.69
661,2026-09-11,8,A (06-14),L2,NEC-D15,1.5,06:00,2,1496.45
661,2026-09-11,8,A (06-14),L2,NEC-D15,1.5,06:00,3,1502.96
661,2026-09-11,8,A (06-14),L2,NEC-D15,1.5,06:00,4,1508.49
661,2026-09-11,8,A (06-14),L2,NEC-D15,1.5,06:00,5,1510.9
662,2026-09-11,8,A (06-14),L2,NEC-D15,1.5,08:00,1,1503.62
662,2026-09-11,8,A (06-14),L2,NEC-D15,1.5,08:00,2,1510.27
662,2026-09-11,8,A (06-14),L2,NEC-D15,1.5,08:00,3,1497.85
662,2026-09-11,8,A (06-14),L2,NEC-D15,1.5,08:00,4,1500.43
662,2026-09-11,8,A (06-14),L2,NEC-D15,1.5,08:00,5,1499.57
663,2026-09-11,8,A (06-14),L2,NEC-D15,1.5,10:00,1,1506.14
663,2026-09-11,8,A (06-14),L2,NEC-D15,1.5,10:00,2,1502.21
663,2026-09-11,8,A (06-14),L2,NEC-D15,1.5,10:00,3,1497.49
663,2026-09-11,8,A (06-14),L2,NEC-D15,1.5,10:00,4,1506.28
663,2026-09-11,8,A (06-14),L2,NEC-D15,1.5,10:00,5,1506.04
664,2026-09-11,8,A (06-14),L2,NEC-D15,1.5,12:00,1,1499.17
664,2026-09-11,8,A (06-14),L2,NEC-D15,1.5,12:00,2,1501.3
664,2026-09-11,8,A (06-14),L2,NEC-D15,1.5,12:00,3,1499.98
664,2026-09-11,8,A (06-14),L2,NEC-D15,1.5,12:00,4,1503.61
664,2026-09-11,8,A (06-14),L2,NEC-D15,1.5,12:00,5,1494.12
665,2026-09-11,8,B (14-22),L2,NEC-D30,3.0,14:00,1,3008.47
665,2026-09-11,8,B (14-22),L2,NEC-D30,3.0,14:00,2,3003.72
665,2026-09-11,8,B (14-22),L2,NEC-D30,3.0,14:00,3,3008.75
665,2026-09-11,8,B (14-22),L2,NEC-D30,3.0,14:00,4,2991.14
665,2026-09-11,8,B (14-22),L2,NEC-D30,3.0,14:00,5,3005.51
666,2026-09-11,8,B (14-22),L2,NEC-D30,3.0,16:00,1,3029.38
666,2026-09-11,8,B (14-22),L2,NEC-D30,3.0,16:00,2,2987.52
666,2026-09-11,8,B (14-22),L2,NEC-D30,3.0,16:00,3,3020.82
666,2026-09-11,8,B (14-22),L2,NEC-D30,3.0,16:00,4,3004.78
666,2026-09-11,8,B (14-22),L2,NEC-D30,3.0,16:00,5,3016.14
667,2026-09-11,8,B (14-22),L2,NEC-D30,3.0,18:00,1,3002.21
667,2026-09-11,8,B (14-22),L2,NEC-D30,3.0,18:00,2,2986.32
667,2026-09-11,8,B (14-22),L2,NEC-D30,3.0,18:00,3,3023.48
667,2026-09-11,8,B (14-22),L2,NEC-D30,3.0,18:00,4,2991.34
667,2026-09-11,8,B (14-22),L2,NEC-D30,3.0,18:00,5,3006.64
668,2026-09-11,8,B (14-22),L2,NEC-D30,3.0,20:00,1,3001.83
668,2026-09-11,8,B (14-22),L2,NEC-D30,3.0,20:00,2,3012.39
668,2026-09-11,8,B (14-22),L2,NEC-D30,3.0,20:00,3,3006.93
668,2026-09-11,8,B (14-22),L2,NEC-D30,3.0,20:00,4,3014.55
668,2026-09-11,8,B (14-22),L2,NEC-D30,3.0,20:00,5,3005.18
669,2026-09-11,8,C (22-06),L2,CIT-L15,1.5,22:00,1,1497.9
669,2026-09-11,8,C (22-06),L2,CIT-L15,1.5,22:00,2,1503.26
669,2026-09-11,8,C (22-06),L2,CIT-L15,1.5,22:00,3,1507.74
669,2026-09-11,8,C (22-06),L2,CIT-L15,1.5,22:00,4,1511.68
669,2026-09-11,8,C (22-06),L2,CIT-L15,1.5,22:00,5,1499.15
670,2026-09-11,8,C (22-06),L2,CIT-L15,1.5,00:00,1,1523.0
670,2026-09-11,8,C (22-06),L2,CIT-L15,1.5,00:00,2,1507.56
670,2026-09-11,8,C (22-06),L2,CIT-L15,1.5,00:00,3,1504.59
670,2026-09-11,8,C (22-06),L2,CIT-L15,1.5,00:00,4,1495.73
670,2026-09-11,8,C (22-06),L2,CIT-L15,1.5,00:00,5,1510.9
671,2026-09-11,8,C (22-06),L2,CIT-L15,1.5,02:00,1,1507.78
671,2026-09-11,8,C (22-06),L2,CIT-L15,1.5,02:00,2,1511.61
671,2026-09-11,8,C (22-06),L2,CIT-L15,1.5,02:00,3,1507.64
671,2026-09-11,8,C (22-06),L2,CIT-L15,1.5,02:00,4,1510.23
671,2026-09-11,8,C (22-06),L2,CIT-L15,1.5,02:00,5,1507.07
672,2026-09-11,8,C (22-06),L2,CIT-L15,1.5,04:00,1,1509.03
672,2026-09-11,8,C (22-06),L2,CIT-L15,1.5,04:00,2,1508.79
672,2026-09-11,8,C (22-06),L2,CIT-L15,1.5,04:00,3,1506.61
672,2026-09-11,8,C (22-06),L2,CIT-L15,1.5,04:00,4,1516.57
672,2026-09-11,8,C (22-06),L2,CIT-L15,1.5,04:00,5,1507.43
673,2026-09-14,9,A (06-14),L1,NEC-D05,0.5,06:00,1,505.18
673,2026-09-14,9,A (06-14),L1,NEC-D05,0.5,06:00,2,501.13
673,2026-09-14,9,A (06-14),L1,NEC-D05,0.5,06:00,3,506.27
673,2026-09-14,9,A (06-14),L1,NEC-D05,0.5,06:00,4,505.7
673,2026-09-14,9,A (06-14),L1,NEC-D05,0.5,06:00,5,506.66
674,2026-09-14,9,A (06-14),L1,NEC-D05,0.5,08:00,1,503.41
674,2026-09-14,9,A (06-14),L1,NEC-D05,0.5,08:00,2,503.76
674,2026-09-14,9,A (06-14),L1,NEC-D05,0.5,08:00,3,506.96
674,2026-09-14,9,A (06-14),L1,NEC-D05,0.5,08:00,4,507.39
674,2026-09-14,9,A (06-14),L1,NEC-D05,0.5,08:00,5,506.12
675,2026-09-14,9,A (06-14),L1,NEC-D05,0.5,10:00,1,503.86
675,2026-09-14,9,A (06-14),L1,NEC-D05,0.5,10:00,2,507.35
675,2026-09-14,9,A (06-14),L1,NEC-D05,0.5,10:00,3,508.35
675,2026-09-14,9,A (06-14),L1,NEC-D05,0.5,10:00,4,505.74
675,2026-09-14,9,A (06-14),L1,NEC-D05,0.5,10:00,5,505.91
676,2026-09-14,9,A (06-14),L1,NEC-D05,0.5,12:00,1,502.71
676,2026-09-14,9,A (06-14),L1,NEC-D05,0.5,12:00,2,504.45
676,2026-09-14,9,A (06-14),L1,NEC-D05,0.5,12:00,3,505.82
676,2026-09-14,9,A (06-14),L1,NEC-D05,0.5,12:00,4,508.36
676,2026-09-14,9,A (06-14),L1,NEC-D05,0.5,12:00,5,508.43
677,2026-09-14,9,B (14-22),L1,NEC-D05,0.5,14:00,1,503.39
677,2026-09-14,9,B (14-22),L1,NEC-D05,0.5,14:00,2,508.95
677,2026-09-14,9,B (14-22),L1,NEC-D05,0.5,14:00,3,504.43
677,2026-09-14,9,B (14-22),L1,NEC-D05,0.5,14:00,4,503.77
677,2026-09-14,9,B (14-22),L1,NEC-D05,0.5,14:00,5,508.66
678,2026-09-14,9,B (14-22),L1,NEC-D05,0.5,16:00,1,506.25
678,2026-09-14,9,B (14-22),L1,NEC-D05,0.5,16:00,2,505.17
678,2026-09-14,9,B (14-22),L1,NEC-D05,0.5,16:00,3,501.35
678,2026-09-14,9,B (14-22),L1,NEC-D05,0.5,16:00,4,504.75
678,2026-09-14,9,B (14-22),L1,NEC-D05,0.5,16:00,5,507.02
679,2026-09-14,9,B (14-22),L1,NEC-D05,0.5,18:00,1,502.8
679,2026-09-14,9,B (14-22),L1,NEC-D05,0.5,18:00,2,506.97
679,2026-09-14,9,B (14-22),L1,NEC-D05,0.5,18:00,3,503.13
679,2026-09-14,9,B (14-22),L1,NEC-D05,0.5,18:00,4,506.86
679,2026-09-14,9,B (14-22),L1,NEC-D05,0.5,18:00,5,508.06
680,2026-09-14,9,B (14-22),L1,NEC-D05,0.5,20:00,1,503.5
680,2026-09-14,9,B (14-22),L1,NEC-D05,0.5,20:00,2,501.57
680,2026-09-14,9,B (14-22),L1,NEC-D05,0.5,20:00,3,505.89
680,2026-09-14,9,B (14-22),L1,NEC-D05,0.5,20:00,4,504.23
680,2026-09-14,9,B (14-22),L1,NEC-D05,0.5,20:00,5,507.9
681,2026-09-15,9,A (06-14),L1,CIT-L05,0.5,06:00,1,503.7
681,2026-09-15,9,A (06-14),L1,CIT-L05,0.5,06:00,2,507.77
681,2026-09-15,9,A (06-14),L1,CIT-L05,0.5,06:00,3,507.54
681,2026-09-15,9,A (06-14),L1,CIT-L05,0.5,06:00,4,504.01
681,2026-09-15,9,A (06-14),L1,CIT-L05,0.5,06:00,5,509.29
682,2026-09-15,9,A (06-14),L1,CIT-L05,0.5,08:00,1,504.65
682,2026-09-15,9,A (06-14),L1,CIT-L05,0.5,08:00,2,507.28
682,2026-09-15,9,A (06-14),L1,CIT-L05,0.5,08:00,3,505.62
682,2026-09-15,9,A (06-14),L1,CIT-L05,0.5,08:00,4,505.05
682,2026-09-15,9,A (06-14),L1,CIT-L05,0.5,08:00,5,508.06
683,2026-09-15,9,A (06-14),L1,CIT-L05,0.5,10:00,1,504.5
683,2026-09-15,9,A (06-14),L1,CIT-L05,0.5,10:00,2,508.02
683,2026-09-15,9,A (06-14),L1,CIT-L05,0.5,10:00,3,507.97
683,2026-09-15,9,A (06-14),L1,CIT-L05,0.5,10:00,4,506.28
683,2026-09-15,9,A (06-14),L1,CIT-L05,0.5,10:00,5,503.64
684,2026-09-15,9,A (06-14),L1,CIT-L05,0.5,12:00,1,505.09
684,2026-09-15,9,A (06-14),L1,CIT-L05,0.5,12:00,2,502.64
684,2026-09-15,9,A (06-14),L1,CIT-L05,0.5,12:00,3,508.71
684,2026-09-15,9,A (06-14),L1,CIT-L05,0.5,12:00,4,505.29
684,2026-09-15,9,A (06-14),L1,CIT-L05,0.5,12:00,5,506.19
685,2026-09-15,9,B (14-22),L1,FUN-B05,0.5,14:00,1,503.09
685,2026-09-15,9,B (14-22),L1,FUN-B05,0.5,14:00,2,508.11
685,2026-09-15,9,B (14-22),L1,FUN-B05,0.5,14:00,3,502.92
685,2026-09-15,9,B (14-22),L1,FUN-B05,0.5,14:00,4,505.61
685,2026-09-15,9,B (14-22),L1,FUN-B05,0.5,14:00,5,503.44
686,2026-09-15,9,B (14-22),L1,FUN-B05,0.5,16:00,1,506.73
686,2026-09-15,9,B (14-22),L1,FUN-B05,0.5,16:00,2,508.84
686,2026-09-15,9,B (14-22),L1,FUN-B05,0.5,16:00,3,505.39
686,2026-09-15,9,B (14-22),L1,FUN-B05,0.5,16:00,4,504.17
686,2026-09-15,9,B (14-22),L1,FUN-B05,0.5,16:00,5,505.07
687,2026-09-15,9,B (14-22),L1,FUN-B05,0.5,18:00,1,508.02
687,2026-09-15,9,B (14-22),L1,FUN-B05,0.5,18:00,2,504.97
687,2026-09-15,9,B (14-22),L1,FUN-B05,0.5,18:00,3,506.96
687,2026-09-15,9,B (14-22),L1,FUN-B05,0.5,18:00,4,504.57
687,2026-09-15,9,B (14-22),L1,FUN-B05,0.5,18:00,5,505.27
688,2026-09-15,9,B (14-22),L1,FUN-B05,0.5,20:00,1,506.61
688,2026-09-15,9,B (14-22),L1,FUN-B05,0.5,20:00,2,504.07
688,2026-09-15,9,B (14-22),L1,FUN-B05,0.5,20:00,3,505.62
688,2026-09-15,9,B (14-22),L1,FUN-B05,0.5,20:00,4,504.93
688,2026-09-15,9,B (14-22),L1,FUN-B05,0.5,20:00,5,503.2
689,2026-09-16,9,A (06-14),L1,FUN-B05,0.5,06:00,1,504.88
689,2026-09-16,9,A (06-14),L1,FUN-B05,0.5,06:00,2,503.4
689,2026-09-16,9,A (06-14),L1,FUN-B05,0.5,06:00,3,503.44
689,2026-09-16,9,A (06-14),L1,FUN-B05,0.5,06:00,4,505.9
689,2026-09-16,9,A (06-14),L1,FUN-B05,0.5,06:00,5,505.08
690,2026-09-16,9,A (06-14),L1,FUN-B05,0.5,08:00,1,504.67
690,2026-09-16,9,A (06-14),L1,FUN-B05,0.5,08:00,2,507.39
690,2026-09-16,9,A (06-14),L1,FUN-B05,0.5,08:00,3,502.89
690,2026-09-16,9,A (06-14),L1,FUN-B05,0.5,08:00,4,509.52
690,2026-09-16,9,A (06-14),L1,FUN-B05,0.5,08:00,5,510.12
691,2026-09-16,9,A (06-14),L1,FUN-B05,0.5,10:00,1,507.34
691,2026-09-16,9,A (06-14),L1,FUN-B05,0.5,10:00,2,506.93
691,2026-09-16,9,A (06-14),L1,FUN-B05,0.5,10:00,3,506.81
691,2026-09-16,9,A (06-14),L1,FUN-B05,0.5,10:00,4,505.04
691,2026-09-16,9,A (06-14),L1,FUN-B05,0.5,10:00,5,502.86
692,2026-09-16,9,A (06-14),L1,FUN-B05,0.5,12:00,1,506.87
692,2026-09-16,9,A (06-14),L1,FUN-B05,0.5,12:00,2,502.54
692,2026-09-16,9,A (06-14),L1,FUN-B05,0.5,12:00,3,508.32
692,2026-09-16,9,A (06-14),L1,FUN-B05,0.5,12:00,4,506.88
692,2026-09-16,9,A (06-14),L1,FUN-B05,0.5,12:00,5,502.13
693,2026-09-16,9,B (14-22),L1,CIT-L05,0.5,14:00,1,503.93
693,2026-09-16,9,B (14-22),L1,CIT-L05,0.5,14:00,2,506.02
693,2026-09-16,9,B (14-22),L1,CIT-L05,0.5,14:00,3,507.61
693,2026-09-16,9,B (14-22),L1,CIT-L05,0.5,14:00,4,502.34
693,2026-09-16,9,B (14-22),L1,CIT-L05,0.5,14:00,5,507.58
694,2026-09-16,9,B (14-22),L1,CIT-L05,0.5,16:00,1,508.98
694,2026-09-16,9,B (14-22),L1,CIT-L05,0.5,16:00,2,502.61
694,2026-09-16,9,B (14-22),L1,CIT-L05,0.5,16:00,3,506.68
694,2026-09-16,9,B (14-22),L1,CIT-L05,0.5,16:00,4,506.99
694,2026-09-16,9,B (14-22),L1,CIT-L05,0.5,16:00,5,503.8
695,2026-09-16,9,B (14-22),L1,CIT-L05,0.5,18:00,1,504.97
695,2026-09-16,9,B (14-22),L1,CIT-L05,0.5,18:00,2,505.34
695,2026-09-16,9,B (14-22),L1,CIT-L05,0.5,18:00,3,506.51
695,2026-09-16,9,B (14-22),L1,CIT-L05,0.5,18:00,4,509.92
695,2026-09-16,9,B (14-22),L1,CIT-L05,0.5,18:00,5,505.47
696,2026-09-16,9,B (14-22),L1,CIT-L05,0.5,20:00,1,506.93
696,2026-09-16,9,B (14-22),L1,CIT-L05,0.5,20:00,2,505.31
696,2026-09-16,9,B (14-22),L1,CIT-L05,0.5,20:00,3,502.86
696,2026-09-16,9,B (14-22),L1,CIT-L05,0.5,20:00,4,507.04
696,2026-09-16,9,B (14-22),L1,CIT-L05,0.5,20:00,5,508.7
697,2026-09-14,9,A (06-14),L2,NEC-D30,3.0,06:00,1,3005.96
697,2026-09-14,9,A (06-14),L2,NEC-D30,3.0,06:00,2,3005.54
697,2026-09-14,9,A (06-14),L2,NEC-D30,3.0,06:00,3,3012.36
697,2026-09-14,9,A (06-14),L2,NEC-D30,3.0,06:00,4,3006.31
697,2026-09-14,9,A (06-14),L2,NEC-D30,3.0,06:00,5,3003.94
698,2026-09-14,9,A (06-14),L2,NEC-D30,3.0,08:00,1,3014.37
698,2026-09-14,9,A (06-14),L2,NEC-D30,3.0,08:00,2,2995.22
698,2026-09-14,9,A (06-14),L2,NEC-D30,3.0,08:00,3,3002.29
698,2026-09-14,9,A (06-14),L2,NEC-D30,3.0,08:00,4,3000.56
698,2026-09-14,9,A (06-14),L2,NEC-D30,3.0,08:00,5,3003.26
699,2026-09-14,9,A (06-14),L2,NEC-D30,3.0,10:00,1,3003.09
699,2026-09-14,9,A (06-14),L2,NEC-D30,3.0,10:00,2,3011.3
699,2026-09-14,9,A (06-14),L2,NEC-D30,3.0,10:00,3,3009.33
699,2026-09-14,9,A (06-14),L2,NEC-D30,3.0,10:00,4,3015.55
699,2026-09-14,9,A (06-14),L2,NEC-D30,3.0,10:00,5,3014.06
700,2026-09-14,9,A (06-14),L2,NEC-D30,3.0,12:00,1,3009.29
700,2026-09-14,9,A (06-14),L2,NEC-D30,3.0,12:00,2,3005.33
700,2026-09-14,9,A (06-14),L2,NEC-D30,3.0,12:00,3,3017.27
700,2026-09-14,9,A (06-14),L2,NEC-D30,3.0,12:00,4,3003.37
700,2026-09-14,9,A (06-14),L2,NEC-D30,3.0,12:00,5,2996.9
701,2026-09-14,9,B (14-22),L2,FUN-B15,1.5,14:00,1,1504.11
701,2026-09-14,9,B (14-22),L2,FUN-B15,1.5,14:00,2,1506.63
701,2026-09-14,9,B (14-22),L2,FUN-B15,1.5,14:00,3,1506.41
701,2026-09-14,9,B (14-22),L2,FUN-B15,1.5,14:00,4,1502.48
701,2026-09-14,9,B (14-22),L2,FUN-B15,1.5,14:00,5,1510.98
702,2026-09-14,9,B (14-22),L2,FUN-B15,1.5,16:00,1,1502.47
702,2026-09-14,9,B (14-22),L2,FUN-B15,1.5,16:00,2,1502.83
702,2026-09-14,9,B (14-22),L2,FUN-B15,1.5,16:00,3,1501.26
702,2026-09-14,9,B (14-22),L2,FUN-B15,1.5,16:00,4,1502.75
702,2026-09-14,9,B (14-22),L2,FUN-B15,1.5,16:00,5,1501.35
703,2026-09-14,9,B (14-22),L2,FUN-B15,1.5,18:00,1,1510.09
703,2026-09-14,9,B (14-22),L2,FUN-B15,1.5,18:00,2,1500.87
703,2026-09-14,9,B (14-22),L2,FUN-B15,1.5,18:00,3,1503.11
703,2026-09-14,9,B (14-22),L2,FUN-B15,1.5,18:00,4,1501.7
703,2026-09-14,9,B (14-22),L2,FUN-B15,1.5,18:00,5,1497.62
704,2026-09-14,9,B (14-22),L2,FUN-B15,1.5,20:00,1,1502.57
704,2026-09-14,9,B (14-22),L2,FUN-B15,1.5,20:00,2,1505.12
704,2026-09-14,9,B (14-22),L2,FUN-B15,1.5,20:00,3,1501.66
704,2026-09-14,9,B (14-22),L2,FUN-B15,1.5,20:00,4,1503.96
704,2026-09-14,9,B (14-22),L2,FUN-B15,1.5,20:00,5,1498.53
705,2026-09-14,9,C (22-06),L2,CIT-L15,1.5,22:00,1,1507.8
705,2026-09-14,9,C (22-06),L2,CIT-L15,1.5,22:00,2,1503.67
705,2026-09-14,9,C (22-06),L2,CIT-L15,1.5,22:00,3,1501.83
705,2026-09-14,9,C (22-06),L2,CIT-L15,1.5,22:00,4,1503.53
705,2026-09-14,9,C (22-06),L2,CIT-L15,1.5,22:00,5,1500.95
706,2026-09-14,9,C (22-06),L2,CIT-L15,1.5,00:00,1,1499.49
706,2026-09-14,9,C (22-06),L2,CIT-L15,1.5,00:00,2,1497.26
706,2026-09-14,9,C (22-06),L2,CIT-L15,1.5,00:00,3,1501.2
706,2026-09-14,9,C (22-06),L2,CIT-L15,1.5,00:00,4,1505.24
706,2026-09-14,9,C (22-06),L2,CIT-L15,1.5,00:00,5,1507.79
707,2026-09-14,9,C (22-06),L2,CIT-L15,1.5,02:00,1,1497.61
707,2026-09-14,9,C (22-06),L2,CIT-L15,1.5,02:00,2,1516.04
707,2026-09-14,9,C (22-06),L2,CIT-L15,1.5,02:00,3,1506.21
707,2026-09-14,9,C (22-06),L2,CIT-L15,1.5,02:00,4,1514.04
707,2026-09-14,9,C (22-06),L2,CIT-L15,1.5,02:00,5,1505.36
708,2026-09-14,9,C (22-06),L2,CIT-L15,1.5,04:00,1,1504.21
708,2026-09-14,9,C (22-06),L2,CIT-L15,1.5,04:00,2,1499.72
708,2026-09-14,9,C (22-06),L2,CIT-L15,1.5,04:00,3,1502.27
708,2026-09-14,9,C (22-06),L2,CIT-L15,1.5,04:00,4,1502.53
708,2026-09-14,9,C (22-06),L2,CIT-L15,1.5,04:00,5,1510.76
709,2026-09-15,9,A (06-14),L2,CIT-L30,3.0,06:00,1,2996.96
709,2026-09-15,9,A (06-14),L2,CIT-L30,3.0,06:00,2,2993.98
709,2026-09-15,9,A (06-14),L2,CIT-L30,3.0,06:00,3,3003.12
709,2026-09-15,9,A (06-14),L2,CIT-L30,3.0,06:00,4,3006.33
709,2026-09-15,9,A (06-14),L2,CIT-L30,3.0,06:00,5,3003.66
710,2026-09-15,9,A (06-14),L2,CIT-L30,3.0,08:00,1,3004.8
710,2026-09-15,9,A (06-14),L2,CIT-L30,3.0,08:00,2,2991.99
710,2026-09-15,9,A (06-14),L2,CIT-L30,3.0,08:00,3,3010.64
710,2026-09-15,9,A (06-14),L2,CIT-L30,3.0,08:00,4,2998.1
710,2026-09-15,9,A (06-14),L2,CIT-L30,3.0,08:00,5,2995.1
711,2026-09-15,9,A (06-14),L2,CIT-L30,3.0,10:00,1,3010.96
711,2026-09-15,9,A (06-14),L2,CIT-L30,3.0,10:00,2,3006.81
711,2026-09-15,9,A (06-14),L2,CIT-L30,3.0,10:00,3,3003.04
711,2026-09-15,9,A (06-14),L2,CIT-L30,3.0,10:00,4,2997.02
711,2026-09-15,9,A (06-14),L2,CIT-L30,3.0,10:00,5,3002.57
712,2026-09-15,9,A (06-14),L2,CIT-L30,3.0,12:00,1,3008.34
712,2026-09-15,9,A (06-14),L2,CIT-L30,3.0,12:00,2,3003.09
712,2026-09-15,9,A (06-14),L2,CIT-L30,3.0,12:00,3,3018.34
712,2026-09-15,9,A (06-14),L2,CIT-L30,3.0,12:00,4,3008.87
712,2026-09-15,9,A (06-14),L2,CIT-L30,3.0,12:00,5,3009.81
713,2026-09-15,9,B (14-22),L2,NEC-D15,1.5,14:00,1,1497.8
713,2026-09-15,9,B (14-22),L2,NEC-D15,1.5,14:00,2,1501.21
713,2026-09-15,9,B (14-22),L2,NEC-D15,1.5,14:00,3,1501.23
713,2026-09-15,9,B (14-22),L2,NEC-D15,1.5,14:00,4,1506.32
713,2026-09-15,9,B (14-22),L2,NEC-D15,1.5,14:00,5,1497.97
714,2026-09-15,9,B (14-22),L2,NEC-D15,1.5,16:00,1,1507.13
714,2026-09-15,9,B (14-22),L2,NEC-D15,1.5,16:00,2,1509.43
714,2026-09-15,9,B (14-22),L2,NEC-D15,1.5,16:00,3,1506.97
714,2026-09-15,9,B (14-22),L2,NEC-D15,1.5,16:00,4,1495.44
714,2026-09-15,9,B (14-22),L2,NEC-D15,1.5,16:00,5,1509.43
715,2026-09-15,9,B (14-22),L2,NEC-D15,1.5,18:00,1,1508.99
715,2026-09-15,9,B (14-22),L2,NEC-D15,1.5,18:00,2,1503.05
715,2026-09-15,9,B (14-22),L2,NEC-D15,1.5,18:00,3,1514.0
715,2026-09-15,9,B (14-22),L2,NEC-D15,1.5,18:00,4,1503.44
715,2026-09-15,9,B (14-22),L2,NEC-D15,1.5,18:00,5,1506.09
716,2026-09-15,9,B (14-22),L2,NEC-D15,1.5,20:00,1,1501.69
716,2026-09-15,9,B (14-22),L2,NEC-D15,1.5,20:00,2,1500.82
716,2026-09-15,9,B (14-22),L2,NEC-D15,1.5,20:00,3,1498.87
716,2026-09-15,9,B (14-22),L2,NEC-D15,1.5,20:00,4,1508.66
716,2026-09-15,9,B (14-22),L2,NEC-D15,1.5,20:00,5,1502.7
717,2026-09-15,9,C (22-06),L2,NEC-D30,3.0,22:00,1,3008.6
717,2026-09-15,9,C (22-06),L2,NEC-D30,3.0,22:00,2,3017.87
717,2026-09-15,9,C (22-06),L2,NEC-D30,3.0,22:00,3,3019.44
717,2026-09-15,9,C (22-06),L2,NEC-D30,3.0,22:00,4,3011.23
717,2026-09-15,9,C (22-06),L2,NEC-D30,3.0,22:00,5,3023.76
718,2026-09-15,9,C (22-06),L2,NEC-D30,3.0,00:00,1,2998.29
718,2026-09-15,9,C (22-06),L2,NEC-D30,3.0,00:00,2,3006.05
718,2026-09-15,9,C (22-06),L2,NEC-D30,3.0,00:00,3,3017.02
718,2026-09-15,9,C (22-06),L2,NEC-D30,3.0,00:00,4,2988.41
718,2026-09-15,9,C (22-06),L2,NEC-D30,3.0,00:00,5,3011.37
719,2026-09-15,9,C (22-06),L2,NEC-D30,3.0,02:00,1,2984.14
719,2026-09-15,9,C (22-06),L2,NEC-D30,3.0,02:00,2,3014.07
719,2026-09-15,9,C (22-06),L2,NEC-D30,3.0,02:00,3,3031.93
719,2026-09-15,9,C (22-06),L2,NEC-D30,3.0,02:00,4,3003.15
719,2026-09-15,9,C (22-06),L2,NEC-D30,3.0,02:00,5,2992.69
720,2026-09-15,9,C (22-06),L2,NEC-D30,3.0,04:00,1,3008.06
720,2026-09-15,9,C (22-06),L2,NEC-D30,3.0,04:00,2,3036.85
720,2026-09-15,9,C (22-06),L2,NEC-D30,3.0,04:00,3,3003.22
720,2026-09-15,9,C (22-06),L2,NEC-D30,3.0,04:00,4,3015.92
720,2026-09-15,9,C (22-06),L2,NEC-D30,3.0,04:00,5,3018.39
721,2026-09-16,9,A (06-14),L2,FUN-B15,1.5,06:00,1,1503.03
721,2026-09-16,9,A (06-14),L2,FUN-B15,1.5,06:00,2,1503.03
721,2026-09-16,9,A (06-14),L2,FUN-B15,1.5,06:00,3,1501.89
721,2026-09-16,9,A (06-14),L2,FUN-B15,1.5,06:00,4,1502.12
721,2026-09-16,9,A (06-14),L2,FUN-B15,1.5,06:00,5,1506.47
722,2026-09-16,9,A (06-14),L2,FUN-B15,1.5,08:00,1,1503.7
722,2026-09-16,9,A (06-14),L2,FUN-B15,1.5,08:00,2,1494.71
722,2026-09-16,9,A (06-14),L2,FUN-B15,1.5,08:00,3,1498.81
722,2026-09-16,9,A (06-14),L2,FUN-B15,1.5,08:00,4,1497.86
722,2026-09-16,9,A (06-14),L2,FUN-B15,1.5,08:00,5,1507.67
723,2026-09-16,9,A (06-14),L2,FUN-B15,1.5,10:00,1,1507.31
723,2026-09-16,9,A (06-14),L2,FUN-B15,1.5,10:00,2,1504.09
723,2026-09-16,9,A (06-14),L2,FUN-B15,1.5,10:00,3,1503.05
723,2026-09-16,9,A (06-14),L2,FUN-B15,1.5,10:00,4,1504.86
723,2026-09-16,9,A (06-14),L2,FUN-B15,1.5,10:00,5,1511.57
724,2026-09-16,9,A (06-14),L2,FUN-B15,1.5,12:00,1,1504.49
724,2026-09-16,9,A (06-14),L2,FUN-B15,1.5,12:00,2,1500.81
724,2026-09-16,9,A (06-14),L2,FUN-B15,1.5,12:00,3,1503.51
724,2026-09-16,9,A (06-14),L2,FUN-B15,1.5,12:00,4,1501.0
724,2026-09-16,9,A (06-14),L2,FUN-B15,1.5,12:00,5,1507.72
725,2026-09-16,9,B (14-22),L2,NEC-D15,1.5,14:00,1,1501.08
725,2026-09-16,9,B (14-22),L2,NEC-D15,1.5,14:00,2,1504.76
725,2026-09-16,9,B (14-22),L2,NEC-D15,1.5,14:00,3,1504.76
725,2026-09-16,9,B (14-22),L2,NEC-D15,1.5,14:00,4,1513.32
725,2026-09-16,9,B (14-22),L2,NEC-D15,1.5,14:00,5,1496.33
726,2026-09-16,9,B (14-22),L2,NEC-D15,1.5,16:00,1,1504.12
726,2026-09-16,9,B (14-22),L2,NEC-D15,1.5,16:00,2,1505.44
726,2026-09-16,9,B (14-22),L2,NEC-D15,1.5,16:00,3,1497.13
726,2026-09-16,9,B (14-22),L2,NEC-D15,1.5,16:00,4,1503.84
726,2026-09-16,9,B (14-22),L2,NEC-D15,1.5,16:00,5,1501.52
727,2026-09-16,9,B (14-22),L2,NEC-D15,1.5,18:00,1,1494.94
727,2026-09-16,9,B (14-22),L2,NEC-D15,1.5,18:00,2,1500.91
727,2026-09-16,9,B (14-22),L2,NEC-D15,1.5,18:00,3,1508.43
727,2026-09-16,9,B (14-22),L2,NEC-D15,1.5,18:00,4,1502.76
727,2026-09-16,9,B (14-22),L2,NEC-D15,1.5,18:00,5,1493.1
728,2026-09-16,9,B (14-22),L2,NEC-D15,1.5,20:00,1,1508.42
728,2026-09-16,9,B (14-22),L2,NEC-D15,1.5,20:00,2,1494.51
728,2026-09-16,9,B (14-22),L2,NEC-D15,1.5,20:00,3,1505.94
728,2026-09-16,9,B (14-22),L2,NEC-D15,1.5,20:00,4,1500.02
728,2026-09-16,9,B (14-22),L2,NEC-D15,1.5,20:00,5,1502.32
729,2026-09-16,9,C (22-06),L2,CIT-L15,1.5,22:00,1,1512.21
729,2026-09-16,9,C (22-06),L2,CIT-L15,1.5,22:00,2,1511.34
729,2026-09-16,9,C (22-06),L2,CIT-L15,1.5,22:00,3,1509.3
729,2026-09-16,9,C (22-06),L2,CIT-L15,1.5,22:00,4,1504.64
729,2026-09-16,9,C (22-06),L2,CIT-L15,1.5,22:00,5,1504.38
730,2026-09-16,9,C (22-06),L2,CIT-L15,1.5,00:00,1,1499.48
730,2026-09-16,9,C (22-06),L2,CIT-L15,1.5,00:00,2,1502.61
730,2026-09-16,9,C (22-06),L2,CIT-L15,1.5,00:00,3,1499.66
730,2026-09-16,9,C (22-06),L2,CIT-L15,1.5,00:00,4,1504.66
730,2026-09-16,9,C (22-06),L2,CIT-L15,1.5,00:00,5,1515.62
731,2026-09-16,9,C (22-06),L2,CIT-L15,1.5,02:00,1,1500.38
731,2026-09-16,9,C (22-06),L2,CIT-L15,1.5,02:00,2,1501.26
731,2026-09-16,9,C (22-06),L2,CIT-L15,1.5,02:00,3,1515.35
731,2026-09-16,9,C (22-06),L2,CIT-L15,1.5,02:00,4,1497.88
731,2026-09-16,9,C (22-06),L2,CIT-L15,1.5,02:00,5,1496.53
732,2026-09-16,9,C (22-06),L2,CIT-L15,1.5,04:00,1,1503.13
732,2026-09-16,9,C (22-06),L2,CIT-L15,1.5,04:00,2,1488.8
732,2026-09-16,9,C (22-06),L2,CIT-L15,1.5,04:00,3,1512.91
732,2026-09-16,9,C (22-06),L2,CIT-L15,1.5,04:00,4,1506.13
732,2026-09-16,9,C (22-06),L2,CIT-L15,1.5,04:00,5,1503.43
733,2026-09-17,9,A (06-14),L2,NEC-D15,1.5,06:00,1,1506.43
733,2026-09-17,9,A (06-14),L2,NEC-D15,1.5,06:00,2,1502.88
733,2026-09-17,9,A (06-14),L2,NEC-D15,1.5,06:00,3,1506.12
733,2026-09-17,9,A (06-14),L2,NEC-D15,1.5,06:00,4,1501.65
733,2026-09-17,9,A (06-14),L2,NEC-D15,1.5,06:00,5,1504.22
734,2026-09-17,9,A (06-14),L2,NEC-D15,1.5,08:00,1,1499.06
734,2026-09-17,9,A (06-14),L2,NEC-D15,1.5,08:00,2,1502.0
734,2026-09-17,9,A (06-14),L2,NEC-D15,1.5,08:00,3,1506.14
734,2026-09-17,9,A (06-14),L2,NEC-D15,1.5,08:00,4,1495.19
734,2026-09-17,9,A (06-14),L2,NEC-D15,1.5,08:00,5,1505.21
735,2026-09-17,9,A (06-14),L2,NEC-D15,1.5,10:00,1,1518.66
735,2026-09-17,9,A (06-14),L2,NEC-D15,1.5,10:00,2,1502.05
735,2026-09-17,9,A (06-14),L2,NEC-D15,1.5,10:00,3,1499.6
735,2026-09-17,9,A (06-14),L2,NEC-D15,1.5,10:00,4,1502.49
735,2026-09-17,9,A (06-14),L2,NEC-D15,1.5,10:00,5,1491.52
736,2026-09-17,9,A (06-14),L2,NEC-D15,1.5,12:00,1,1505.44
736,2026-09-17,9,A (06-14),L2,NEC-D15,1.5,12:00,2,1504.32
736,2026-09-17,9,A (06-14),L2,NEC-D15,1.5,12:00,3,1504.26
736,2026-09-17,9,A (06-14),L2,NEC-D15,1.5,12:00,4,1506.26
736,2026-09-17,9,A (06-14),L2,NEC-D15,1.5,12:00,5,1503.77
737,2026-09-17,9,B (14-22),L2,NEC-D30,3.0,14:00,1,3013.89
737,2026-09-17,9,B (14-22),L2,NEC-D30,3.0,14:00,2,3004.04
737,2026-09-17,9,B (14-22),L2,NEC-D30,3.0,14:00,3,3005.52
737,2026-09-17,9,B (14-22),L2,NEC-D30,3.0,14:00,4,3006.51
737,2026-09-17,9,B (14-22),L2,NEC-D30,3.0,14:00,5,3013.68
738,2026-09-17,9,B (14-22),L2,NEC-D30,3.0,16:00,1,3000.24
738,2026-09-17,9,B (14-22),L2,NEC-D30,3.0,16:00,2,3006.21
738,2026-09-17,9,B (14-22),L2,NEC-D30,3.0,16:00,3,3014.99
738,2026-09-17,9,B (14-22),L2,NEC-D30,3.0,16:00,4,2999.48
738,2026-09-17,9,B (14-22),L2,NEC-D30,3.0,16:00,5,3004.05
739,2026-09-17,9,B (14-22),L2,NEC-D30,3.0,18:00,1,3010.96
739,2026-09-17,9,B (14-22),L2,NEC-D30,3.0,18:00,2,2995.76
739,2026-09-17,9,B (14-22),L2,NEC-D30,3.0,18:00,3,3008.74
739,2026-09-17,9,B (14-22),L2,NEC-D30,3.0,18:00,4,3005.87
739,2026-09-17,9,B (14-22),L2,NEC-D30,3.0,18:00,5,3002.54
740,2026-09-17,9,B (14-22),L2,NEC-D30,3.0,20:00,1,2998.79
740,2026-09-17,9,B (14-22),L2,NEC-D30,3.0,20:00,2,3000.34
740,2026-09-17,9,B (14-22),L2,NEC-D30,3.0,20:00,3,3004.13
740,2026-09-17,9,B (14-22),L2,NEC-D30,3.0,20:00,4,3011.21
740,2026-09-17,9,B (14-22),L2,NEC-D30,3.0,20:00,5,3027.54
741,2026-09-17,9,C (22-06),L2,CIT-L30,3.0,22:00,1,2996.16
741,2026-09-17,9,C (22-06),L2,CIT-L30,3.0,22:00,2,3004.55
741,2026-09-17,9,C (22-06),L2,CIT-L30,3.0,22:00,3,2999.48
741,2026-09-17,9,C (22-06),L2,CIT-L30,3.0,22:00,4,3006.89
741,2026-09-17,9,C (22-06),L2,CIT-L30,3.0,22:00,5,3015.42
742,2026-09-17,9,C (22-06),L2,CIT-L30,3.0,00:00,1,3011.58
742,2026-09-17,9,C (22-06),L2,CIT-L30,3.0,00:00,2,3019.24
742,2026-09-17,9,C (22-06),L2,CIT-L30,3.0,00:00,3,3008.5
742,2026-09-17,9,C (22-06),L2,CIT-L30,3.0,00:00,4,3022.01
742,2026-09-17,9,C (22-06),L2,CIT-L30,3.0,00:00,5,3020.18
743,2026-09-17,9,C (22-06),L2,CIT-L30,3.0,02:00,1,3007.54
743,2026-09-17,9,C (22-06),L2,CIT-L30,3.0,02:00,2,3007.06
743,2026-09-17,9,C (22-06),L2,CIT-L30,3.0,02:00,3,3003.34
743,2026-09-17,9,C (22-06),L2,CIT-L30,3.0,02:00,4,3004.39
743,2026-09-17,9,C (22-06),L2,CIT-L30,3.0,02:00,5,3009.26
744,2026-09-17,9,C (22-06),L2,CIT-L30,3.0,04:00,1,3025.46
744,2026-09-17,9,C (22-06),L2,CIT-L30,3.0,04:00,2,3012.18
744,2026-09-17,9,C (22-06),L2,CIT-L30,3.0,04:00,3,3001.36
744,2026-09-17,9,C (22-06),L2,CIT-L30,3.0,04:00,4,3000.97
744,2026-09-17,9,C (22-06),L2,CIT-L30,3.0,04:00,5,3013.39
745,2026-09-18,9,A (06-14),L2,CIT-L15,1.5,06:00,1,1499.34
745,2026-09-18,9,A (06-14),L2,CIT-L15,1.5,06:00,2,1497.83
745,2026-09-18,9,A (06-14),L2,CIT-L15,1.5,06:00,3,1505.88
745,2026-09-18,9,A (06-14),L2,CIT-L15,1.5,06:00,4,1508.62
745,2026-09-18,9,A (06-14),L2,CIT-L15,1.5,06:00,5,1503.22
746,2026-09-18,9,A (06-14),L2,CIT-L15,1.5,08:00,1,1502.66
746,2026-09-18,9,A (06-14),L2,CIT-L15,1.5,08:00,2,1496.22
746,2026-09-18,9,A (06-14),L2,CIT-L15,1.5,08:00,3,1507.81
746,2026-09-18,9,A (06-14),L2,CIT-L15,1.5,08:00,4,1504.57
746,2026-09-18,9,A (06-14),L2,CIT-L15,1.5,08:00,5,1502.1
747,2026-09-18,9,A (06-14),L2,CIT-L15,1.5,10:00,1,1496.86
747,2026-09-18,9,A (06-14),L2,CIT-L15,1.5,10:00,2,1502.46
747,2026-09-18,9,A (06-14),L2,CIT-L15,1.5,10:00,3,1506.29
747,2026-09-18,9,A (06-14),L2,CIT-L15,1.5,10:00,4,1505.0
747,2026-09-18,9,A (06-14),L2,CIT-L15,1.5,10:00,5,1500.83
748,2026-09-18,9,A (06-14),L2,CIT-L15,1.5,12:00,1,1500.63
748,2026-09-18,9,A (06-14),L2,CIT-L15,1.5,12:00,2,1494.35
748,2026-09-18,9,A (06-14),L2,CIT-L15,1.5,12:00,3,1499.51
748,2026-09-18,9,A (06-14),L2,CIT-L15,1.5,12:00,4,1500.94
748,2026-09-18,9,A (06-14),L2,CIT-L15,1.5,12:00,5,1506.9
749,2026-09-18,9,B (14-22),L2,CIT-L15,1.5,14:00,1,1504.67
749,2026-09-18,9,B (14-22),L2,CIT-L15,1.5,14:00,2,1507.14
749,2026-09-18,9,B (14-22),L2,CIT-L15,1.5,14:00,3,1510.62
749,2026-09-18,9,B (14-22),L2,CIT-L15,1.5,14:00,4,1495.45
749,2026-09-18,9,B (14-22),L2,CIT-L15,1.5,14:00,5,1503.21
750,2026-09-18,9,B (14-22),L2,CIT-L15,1.5,16:00,1,1505.88
750,2026-09-18,9,B (14-22),L2,CIT-L15,1.5,16:00,2,1505.88
750,2026-09-18,9,B (14-22),L2,CIT-L15,1.5,16:00,3,1504.53
750,2026-09-18,9,B (14-22),L2,CIT-L15,1.5,16:00,4,1501.9
750,2026-09-18,9,B (14-22),L2,CIT-L15,1.5,16:00,5,1503.15
751,2026-09-18,9,B (14-22),L2,CIT-L15,1.5,18:00,1,1507.28
751,2026-09-18,9,B (14-22),L2,CIT-L15,1.5,18:00,2,1504.29
751,2026-09-18,9,B (14-22),L2,CIT-L15,1.5,18:00,3,1508.22
751,2026-09-18,9,B (14-22),L2,CIT-L15,1.5,18:00,4,1491.32
751,2026-09-18,9,B (14-22),L2,CIT-L15,1.5,18:00,5,1504.72
752,2026-09-18,9,B (14-22),L2,CIT-L15,1.5,20:00,1,1505.58
752,2026-09-18,9,B (14-22),L2,CIT-L15,1.5,20:00,2,1506.43
752,2026-09-18,9,B (14-22),L2,CIT-L15,1.5,20:00,3,1505.45
752,2026-09-18,9,B (14-22),L2,CIT-L15,1.5,20:00,4,1516.28
752,2026-09-18,9,B (14-22),L2,CIT-L15,1.5,20:00,5,1502.99
753,2026-09-18,9,C (22-06),L2,FUN-B30,3.0,22:00,1,3019.23
753,2026-09-18,9,C (22-06),L2,FUN-B30,3.0,22:00,2,3024.33
753,2026-09-18,9,C (22-06),L2,FUN-B30,3.0,22:00,3,2996.66
753,2026-09-18,9,C (22-06),L2,FUN-B30,3.0,22:00,4,2996.21
753,2026-09-18,9,C (22-06),L2,FUN-B30,3.0,22:00,5,3013.7
754,2026-09-18,9,C (22-06),L2,FUN-B30,3.0,00:00,1,3005.97
754,2026-09-18,9,C (22-06),L2,FUN-B30,3.0,00:00,2,2998.45
754,2026-09-18,9,C (22-06),L2,FUN-B30,3.0,00:00,3,3010.08
754,2026-09-18,9,C (22-06),L2,FUN-B30,3.0,00:00,4,3011.09
754,2026-09-18,9,C (22-06),L2,FUN-B30,3.0,00:00,5,3011.87
755,2026-09-18,9,C (22-06),L2,FUN-B30,3.0,02:00,1,3007.06
755,2026-09-18,9,C (22-06),L2,FUN-B30,3.0,02:00,2,3011.3
755,2026-09-18,9,C (22-06),L2,FUN-B30,3.0,02:00,3,2996.76
755,2026-09-18,9,C (22-06),L2,FUN-B30,3.0,02:00,4,3011.69
755,2026-09-18,9,C (22-06),L2,FUN-B30,3.0,02:00,5,3010.91
756,2026-09-18,9,C (22-06),L2,FUN-B30,3.0,04:00,1,3011.14
756,2026-09-18,9,C (22-06),L2,FUN-B30,3.0,04:00,2,3003.01
756,2026-09-18,9,C (22-06),L2,FUN-B30,3.0,04:00,3,3026.12
756,2026-09-18,9,C (22-06),L2,FUN-B30,3.0,04:00,4,3001.99
756,2026-09-18,9,C (22-06),L2,FUN-B30,3.0,04:00,5,3023.84
757,2026-09-21,10,A (06-14),L1,NEC-D05,0.5,06:00,1,505.62
757,2026-09-21,10,A (06-14),L1,NEC-D05,0.5,06:00,2,505.26
757,2026-09-21,10,A (06-14),L1,NEC-D05,0.5,06:00,3,508.35
757,2026-09-21,10,A (06-14),L1,NEC-D05,0.5,06:00,4,505.84
757,2026-09-21,10,A (06-14),L1,NEC-D05,0.5,06:00,5,506.81
758,2026-09-21,10,A (06-14),L1,NEC-D05,0.5,08:00,1,503.98
758,2026-09-21,10,A (06-14),L1,NEC-D05,0.5,08:00,2,505.96
758,2026-09-21,10,A (06-14),L1,NEC-D05,0.5,08:00,3,506.47
758,2026-09-21,10,A (06-14),L1,NEC-D05,0.5,08:00,4,505.19
758,2026-09-21,10,A (06-14),L1,NEC-D05,0.5,08:00,5,503.85
759,2026-09-21,10,A (06-14),L1,NEC-D05,0.5,10:00,1,504.87
759,2026-09-21,10,A (06-14),L1,NEC-D05,0.5,10:00,2,505.12
759,2026-09-21,10,A (06-14),L1,NEC-D05,0.5,10:00,3,506.16
759,2026-09-21,10,A (06-14),L1,NEC-D05,0.5,10:00,4,507.12
759,2026-09-21,10,A (06-14),L1,NEC-D05,0.5,10:00,5,504.95
760,2026-09-21,10,A (06-14),L1,NEC-D05,0.5,12:00,1,504.2
760,2026-09-21,10,A (06-14),L1,NEC-D05,0.5,12:00,2,505.83
760,2026-09-21,10,A (06-14),L1,NEC-D05,0.5,12:00,3,505.03
760,2026-09-21,10,A (06-14),L1,NEC-D05,0.5,12:00,4,504.31
760,2026-09-21,10,A (06-14),L1,NEC-D05,0.5,12:00,5,507.7
761,2026-09-21,10,B (14-22),L1,NEC-D05,0.5,14:00,1,505.81
761,2026-09-21,10,B (14-22),L1,NEC-D05,0.5,14:00,2,505.08
761,2026-09-21,10,B (14-22),L1,NEC-D05,0.5,14:00,3,509.42
761,2026-09-21,10,B (14-22),L1,NEC-D05,0.5,14:00,4,504.25
761,2026-09-21,10,B (14-22),L1,NEC-D05,0.5,14:00,5,505.56
762,2026-09-21,10,B (14-22),L1,NEC-D05,0.5,16:00,1,508.31
762,2026-09-21,10,B (14-22),L1,NEC-D05,0.5,16:00,2,505.68
762,2026-09-21,10,B (14-22),L1,NEC-D05,0.5,16:00,3,506.68
762,2026-09-21,10,B (14-22),L1,NEC-D05,0.5,16:00,4,507.54
762,2026-09-21,10,B (14-22),L1,NEC-D05,0.5,16:00,5,508.01
763,2026-09-21,10,B (14-22),L1,NEC-D05,0.5,18:00,1,507.46
763,2026-09-21,10,B (14-22),L1,NEC-D05,0.5,18:00,2,505.3
763,2026-09-21,10,B (14-22),L1,NEC-D05,0.5,18:00,3,506.26
763,2026-09-21,10,B (14-22),L1,NEC-D05,0.5,18:00,4,504.7
763,2026-09-21,10,B (14-22),L1,NEC-D05,0.5,18:00,5,504.77
764,2026-09-21,10,B (14-22),L1,NEC-D05,0.5,20:00,1,507.99
764,2026-09-21,10,B (14-22),L1,NEC-D05,0.5,20:00,2,505.25
764,2026-09-21,10,B (14-22),L1,NEC-D05,0.5,20:00,3,501.25
764,2026-09-21,10,B (14-22),L1,NEC-D05,0.5,20:00,4,506.4
764,2026-09-21,10,B (14-22),L1,NEC-D05,0.5,20:00,5,504.21
765,2026-09-22,10,A (06-14),L1,CIT-L05,0.5,06:00,1,508.42
765,2026-09-22,10,A (06-14),L1,CIT-L05,0.5,06:00,2,504.73
765,2026-09-22,10,A (06-14),L1,CIT-L05,0.5,06:00,3,504.86
765,2026-09-22,10,A (06-14),L1,CIT-L05,0.5,06:00,4,506.51
765,2026-09-22,10,A (06-14),L1,CIT-L05,0.5,06:00,5,503.32
766,2026-09-22,10,A (06-14),L1,CIT-L05,0.5,08:00,1,503.64
766,2026-09-22,10,A (06-14),L1,CIT-L05,0.5,08:00,2,508.77
766,2026-09-22,10,A (06-14),L1,CIT-L05,0.5,08:00,3,508.03
766,2026-09-22,10,A (06-14),L1,CIT-L05,0.5,08:00,4,504.54
766,2026-09-22,10,A (06-14),L1,CIT-L05,0.5,08:00,5,505.87
767,2026-09-22,10,A (06-14),L1,CIT-L05,0.5,10:00,1,505.21
767,2026-09-22,10,A (06-14),L1,CIT-L05,0.5,10:00,2,503.49
767,2026-09-22,10,A (06-14),L1,CIT-L05,0.5,10:00,3,504.32
767,2026-09-22,10,A (06-14),L1,CIT-L05,0.5,10:00,4,504.7
767,2026-09-22,10,A (06-14),L1,CIT-L05,0.5,10:00,5,506.17
768,2026-09-22,10,A (06-14),L1,CIT-L05,0.5,12:00,1,506.89
768,2026-09-22,10,A (06-14),L1,CIT-L05,0.5,12:00,2,508.19
768,2026-09-22,10,A (06-14),L1,CIT-L05,0.5,12:00,3,506.56
768,2026-09-22,10,A (06-14),L1,CIT-L05,0.5,12:00,4,507.21
768,2026-09-22,10,A (06-14),L1,CIT-L05,0.5,12:00,5,504.04
769,2026-09-22,10,B (14-22),L1,NEC-D05,0.5,14:00,1,501.82
769,2026-09-22,10,B (14-22),L1,NEC-D05,0.5,14:00,2,508.43
769,2026-09-22,10,B (14-22),L1,NEC-D05,0.5,14:00,3,502.98
769,2026-09-22,10,B (14-22),L1,NEC-D05,0.5,14:00,4,508.88
769,2026-09-22,10,B (14-22),L1,NEC-D05,0.5,14:00,5,508.15
770,2026-09-22,10,B (14-22),L1,NEC-D05,0.5,16:00,1,505.91
770,2026-09-22,10,B (14-22),L1,NEC-D05,0.5,16:00,2,503.3
770,2026-09-22,10,B (14-22),L1,NEC-D05,0.5,16:00,3,501.4
770,2026-09-22,10,B (14-22),L1,NEC-D05,0.5,16:00,4,503.38
770,2026-09-22,10,B (14-22),L1,NEC-D05,0.5,16:00,5,505.75
771,2026-09-22,10,B (14-22),L1,NEC-D05,0.5,18:00,1,509.1
771,2026-09-22,10,B (14-22),L1,NEC-D05,0.5,18:00,2,504.0
771,2026-09-22,10,B (14-22),L1,NEC-D05,0.5,18:00,3,507.16
771,2026-09-22,10,B (14-22),L1,NEC-D05,0.5,18:00,4,505.09
771,2026-09-22,10,B (14-22),L1,NEC-D05,0.5,18:00,5,505.68
772,2026-09-22,10,B (14-22),L1,NEC-D05,0.5,20:00,1,505.05
772,2026-09-22,10,B (14-22),L1,NEC-D05,0.5,20:00,2,506.98
772,2026-09-22,10,B (14-22),L1,NEC-D05,0.5,20:00,3,504.88
772,2026-09-22,10,B (14-22),L1,NEC-D05,0.5,20:00,4,505.81
772,2026-09-22,10,B (14-22),L1,NEC-D05,0.5,20:00,5,504.37
773,2026-09-23,10,A (06-14),L1,CIT-L05,0.5,06:00,1,506.85
773,2026-09-23,10,A (06-14),L1,CIT-L05,0.5,06:00,2,500.6
773,2026-09-23,10,A (06-14),L1,CIT-L05,0.5,06:00,3,502.55
773,2026-09-23,10,A (06-14),L1,CIT-L05,0.5,06:00,4,505.95
773,2026-09-23,10,A (06-14),L1,CIT-L05,0.5,06:00,5,504.79
774,2026-09-23,10,A (06-14),L1,CIT-L05,0.5,08:00,1,503.56
774,2026-09-23,10,A (06-14),L1,CIT-L05,0.5,08:00,2,504.53
774,2026-09-23,10,A (06-14),L1,CIT-L05,0.5,08:00,3,506.42
774,2026-09-23,10,A (06-14),L1,CIT-L05,0.5,08:00,4,509.41
774,2026-09-23,10,A (06-14),L1,CIT-L05,0.5,08:00,5,503.35
775,2026-09-23,10,A (06-14),L1,CIT-L05,0.5,10:00,1,506.27
775,2026-09-23,10,A (06-14),L1,CIT-L05,0.5,10:00,2,506.27
775,2026-09-23,10,A (06-14),L1,CIT-L05,0.5,10:00,3,503.98
775,2026-09-23,10,A (06-14),L1,CIT-L05,0.5,10:00,4,508.49
775,2026-09-23,10,A (06-14),L1,CIT-L05,0.5,10:00,5,506.78
776,2026-09-23,10,A (06-14),L1,CIT-L05,0.5,12:00,1,504.46
776,2026-09-23,10,A (06-14),L1,CIT-L05,0.5,12:00,2,508.02
776,2026-09-23,10,A (06-14),L1,CIT-L05,0.5,12:00,3,505.12
776,2026-09-23,10,A (06-14),L1,CIT-L05,0.5,12:00,4,506.83
776,2026-09-23,10,A (06-14),L1,CIT-L05,0.5,12:00,5,504.25
777,2026-09-23,10,B (14-22),L1,CIT-L05,0.5,14:00,1,507.68
777,2026-09-23,10,B (14-22),L1,CIT-L05,0.5,14:00,2,505.09
777,2026-09-23,10,B (14-22),L1,CIT-L05,0.5,14:00,3,503.41
777,2026-09-23,10,B (14-22),L1,CIT-L05,0.5,14:00,4,505.6
777,2026-09-23,10,B (14-22),L1,CIT-L05,0.5,14:00,5,505.99
778,2026-09-23,10,B (14-22),L1,CIT-L05,0.5,16:00,1,505.78
778,2026-09-23,10,B (14-22),L1,CIT-L05,0.5,16:00,2,504.66
778,2026-09-23,10,B (14-22),L1,CIT-L05,0.5,16:00,3,504.02
778,2026-09-23,10,B (14-22),L1,CIT-L05,0.5,16:00,4,507.94
778,2026-09-23,10,B (14-22),L1,CIT-L05,0.5,16:00,5,502.78
779,2026-09-23,10,B (14-22),L1,CIT-L05,0.5,18:00,1,505.42
779,2026-09-23,10,B (14-22),L1,CIT-L05,0.5,18:00,2,506.64
779,2026-09-23,10,B (14-22),L1,CIT-L05,0.5,18:00,3,504.92
779,2026-09-23,10,B (14-22),L1,CIT-L05,0.5,18:00,4,505.51
779,2026-09-23,10,B (14-22),L1,CIT-L05,0.5,18:00,5,507.01
780,2026-09-23,10,B (14-22),L1,CIT-L05,0.5,20:00,1,505.33
780,2026-09-23,10,B (14-22),L1,CIT-L05,0.5,20:00,2,503.08
780,2026-09-23,10,B (14-22),L1,CIT-L05,0.5,20:00,3,506.57
780,2026-09-23,10,B (14-22),L1,CIT-L05,0.5,20:00,4,505.16
780,2026-09-23,10,B (14-22),L1,CIT-L05,0.5,20:00,5,505.59
781,2026-09-21,10,A (06-14),L2,CIT-L15,1.5,06:00,1,1502.06
781,2026-09-21,10,A (06-14),L2,CIT-L15,1.5,06:00,2,1504.28
781,2026-09-21,10,A (06-14),L2,CIT-L15,1.5,06:00,3,1503.96
781,2026-09-21,10,A (06-14),L2,CIT-L15,1.5,06:00,4,1504.07
781,2026-09-21,10,A (06-14),L2,CIT-L15,1.5,06:00,5,1503.38
782,2026-09-21,10,A (06-14),L2,CIT-L15,1.5,08:00,1,1505.72
782,2026-09-21,10,A (06-14),L2,CIT-L15,1.5,08:00,2,1509.84
782,2026-09-21,10,A (06-14),L2,CIT-L15,1.5,08:00,3,1502.1
782,2026-09-21,10,A (06-14),L2,CIT-L15,1.5,08:00,4,1502.07
782,2026-09-21,10,A (06-14),L2,CIT-L15,1.5,08:00,5,1503.96
783,2026-09-21,10,A (06-14),L2,CIT-L15,1.5,10:00,1,1506.47
783,2026-09-21,10,A (06-14),L2,CIT-L15,1.5,10:00,2,1512.59
783,2026-09-21,10,A (06-14),L2,CIT-L15,1.5,10:00,3,1499.97
783,2026-09-21,10,A (06-14),L2,CIT-L15,1.5,10:00,4,1501.53
783,2026-09-21,10,A (06-14),L2,CIT-L15,1.5,10:00,5,1505.49
784,2026-09-21,10,A (06-14),L2,CIT-L15,1.5,12:00,1,1494.52
784,2026-09-21,10,A (06-14),L2,CIT-L15,1.5,12:00,2,1502.17
784,2026-09-21,10,A (06-14),L2,CIT-L15,1.5,12:00,3,1505.98
784,2026-09-21,10,A (06-14),L2,CIT-L15,1.5,12:00,4,1508.94
784,2026-09-21,10,A (06-14),L2,CIT-L15,1.5,12:00,5,1504.81
785,2026-09-21,10,B (14-22),L2,CIT-L15,1.5,14:00,1,1504.7
785,2026-09-21,10,B (14-22),L2,CIT-L15,1.5,14:00,2,1503.58
785,2026-09-21,10,B (14-22),L2,CIT-L15,1.5,14:00,3,1503.84
785,2026-09-21,10,B (14-22),L2,CIT-L15,1.5,14:00,4,1502.39
785,2026-09-21,10,B (14-22),L2,CIT-L15,1.5,14:00,5,1510.77
786,2026-09-21,10,B (14-22),L2,CIT-L15,1.5,16:00,1,1497.3
786,2026-09-21,10,B (14-22),L2,CIT-L15,1.5,16:00,2,1503.84
786,2026-09-21,10,B (14-22),L2,CIT-L15,1.5,16:00,3,1500.83
786,2026-09-21,10,B (14-22),L2,CIT-L15,1.5,16:00,4,1506.41
786,2026-09-21,10,B (14-22),L2,CIT-L15,1.5,16:00,5,1502.18
787,2026-09-21,10,B (14-22),L2,CIT-L15,1.5,18:00,1,1503.98
787,2026-09-21,10,B (14-22),L2,CIT-L15,1.5,18:00,2,1499.68
787,2026-09-21,10,B (14-22),L2,CIT-L15,1.5,18:00,3,1503.24
787,2026-09-21,10,B (14-22),L2,CIT-L15,1.5,18:00,4,1504.62
787,2026-09-21,10,B (14-22),L2,CIT-L15,1.5,18:00,5,1505.75
788,2026-09-21,10,B (14-22),L2,CIT-L15,1.5,20:00,1,1504.68
788,2026-09-21,10,B (14-22),L2,CIT-L15,1.5,20:00,2,1504.05
788,2026-09-21,10,B (14-22),L2,CIT-L15,1.5,20:00,3,1508.6
788,2026-09-21,10,B (14-22),L2,CIT-L15,1.5,20:00,4,1503.84
788,2026-09-21,10,B (14-22),L2,CIT-L15,1.5,20:00,5,1511.18
789,2026-09-21,10,C (22-06),L2,NEC-D15,1.5,22:00,1,1510.41
789,2026-09-21,10,C (22-06),L2,NEC-D15,1.5,22:00,2,1510.61
789,2026-09-21,10,C (22-06),L2,NEC-D15,1.5,22:00,3,1515.18
789,2026-09-21,10,C (22-06),L2,NEC-D15,1.5,22:00,4,1503.14
789,2026-09-21,10,C (22-06),L2,NEC-D15,1.5,22:00,5,1507.89
790,2026-09-21,10,C (22-06),L2,NEC-D15,1.5,00:00,1,1513.89
790,2026-09-21,10,C (22-06),L2,NEC-D15,1.5,00:00,2,1514.28
790,2026-09-21,10,C (22-06),L2,NEC-D15,1.5,00:00,3,1497.28
790,2026-09-21,10,C (22-06),L2,NEC-D15,1.5,00:00,4,1501.52
790,2026-09-21,10,C (22-06),L2,NEC-D15,1.5,00:00,5,1504.87
791,2026-09-21,10,C (22-06),L2,NEC-D15,1.5,02:00,1,1503.34
791,2026-09-21,10,C (22-06),L2,NEC-D15,1.5,02:00,2,1504.18
791,2026-09-21,10,C (22-06),L2,NEC-D15,1.5,02:00,3,1498.1
791,2026-09-21,10,C (22-06),L2,NEC-D15,1.5,02:00,4,1512.92
791,2026-09-21,10,C (22-06),L2,NEC-D15,1.5,02:00,5,1497.22
792,2026-09-21,10,C (22-06),L2,NEC-D15,1.5,04:00,1,1507.53
792,2026-09-21,10,C (22-06),L2,NEC-D15,1.5,04:00,2,1497.21
792,2026-09-21,10,C (22-06),L2,NEC-D15,1.5,04:00,3,1495.63
792,2026-09-21,10,C (22-06),L2,NEC-D15,1.5,04:00,4,1505.47
792,2026-09-21,10,C (22-06),L2,NEC-D15,1.5,04:00,5,1501.53
793,2026-09-22,10,A (06-14),L2,CIT-L15,1.5,06:00,1,1504.85
793,2026-09-22,10,A (06-14),L2,CIT-L15,1.5,06:00,2,1504.51
793,2026-09-22,10,A (06-14),L2,CIT-L15,1.5,06:00,3,1507.94
793,2026-09-22,10,A (06-14),L2,CIT-L15,1.5,06:00,4,1507.14
793,2026-09-22,10,A (06-14),L2,CIT-L15,1.5,06:00,5,1498.57
794,2026-09-22,10,A (06-14),L2,CIT-L15,1.5,08:00,1,1494.89
794,2026-09-22,10,A (06-14),L2,CIT-L15,1.5,08:00,2,1506.11
794,2026-09-22,10,A (06-14),L2,CIT-L15,1.5,08:00,3,1496.24
794,2026-09-22,10,A (06-14),L2,CIT-L15,1.5,08:00,4,1503.13
794,2026-09-22,10,A (06-14),L2,CIT-L15,1.5,08:00,5,1500.02
795,2026-09-22,10,A (06-14),L2,CIT-L15,1.5,10:00,1,1503.9
795,2026-09-22,10,A (06-14),L2,CIT-L15,1.5,10:00,2,1506.97
795,2026-09-22,10,A (06-14),L2,CIT-L15,1.5,10:00,3,1504.01
795,2026-09-22,10,A (06-14),L2,CIT-L15,1.5,10:00,4,1509.85
795,2026-09-22,10,A (06-14),L2,CIT-L15,1.5,10:00,5,1502.25
796,2026-09-22,10,A (06-14),L2,CIT-L15,1.5,12:00,1,1496.15
796,2026-09-22,10,A (06-14),L2,CIT-L15,1.5,12:00,2,1502.21
796,2026-09-22,10,A (06-14),L2,CIT-L15,1.5,12:00,3,1506.26
796,2026-09-22,10,A (06-14),L2,CIT-L15,1.5,12:00,4,1498.84
796,2026-09-22,10,A (06-14),L2,CIT-L15,1.5,12:00,5,1500.63
797,2026-09-22,10,B (14-22),L2,FUN-B30,3.0,14:00,1,3013.32
797,2026-09-22,10,B (14-22),L2,FUN-B30,3.0,14:00,2,2996.21
797,2026-09-22,10,B (14-22),L2,FUN-B30,3.0,14:00,3,3008.87
797,2026-09-22,10,B (14-22),L2,FUN-B30,3.0,14:00,4,3000.74
797,2026-09-22,10,B (14-22),L2,FUN-B30,3.0,14:00,5,3014.63
798,2026-09-22,10,B (14-22),L2,FUN-B30,3.0,16:00,1,3017.36
798,2026-09-22,10,B (14-22),L2,FUN-B30,3.0,16:00,2,3010.79
798,2026-09-22,10,B (14-22),L2,FUN-B30,3.0,16:00,3,2997.37
798,2026-09-22,10,B (14-22),L2,FUN-B30,3.0,16:00,4,3004.03
798,2026-09-22,10,B (14-22),L2,FUN-B30,3.0,16:00,5,3004.29
799,2026-09-22,10,B (14-22),L2,FUN-B30,3.0,18:00,1,3003.86
799,2026-09-22,10,B (14-22),L2,FUN-B30,3.0,18:00,2,3003.51
799,2026-09-22,10,B (14-22),L2,FUN-B30,3.0,18:00,3,3021.19
799,2026-09-22,10,B (14-22),L2,FUN-B30,3.0,18:00,4,3010.75
799,2026-09-22,10,B (14-22),L2,FUN-B30,3.0,18:00,5,3009.55
800,2026-09-22,10,B (14-22),L2,FUN-B30,3.0,20:00,1,3009.15
800,2026-09-22,10,B (14-22),L2,FUN-B30,3.0,20:00,2,3016.49
800,2026-09-22,10,B (14-22),L2,FUN-B30,3.0,20:00,3,3001.86
800,2026-09-22,10,B (14-22),L2,FUN-B30,3.0,20:00,4,3010.44
800,2026-09-22,10,B (14-22),L2,FUN-B30,3.0,20:00,5,3017.48
801,2026-09-22,10,C (22-06),L2,FUN-B15,1.5,22:00,1,1506.24
801,2026-09-22,10,C (22-06),L2,FUN-B15,1.5,22:00,2,1507.55
801,2026-09-22,10,C (22-06),L2,FUN-B15,1.5,22:00,3,1516.36
801,2026-09-22,10,C (22-06),L2,FUN-B15,1.5,22:00,4,1512.46
801,2026-09-22,10,C (22-06),L2,FUN-B15,1.5,22:00,5,1507.24
802,2026-09-22,10,C (22-06),L2,FUN-B15,1.5,00:00,1,1502.41
802,2026-09-22,10,C (22-06),L2,FUN-B15,1.5,00:00,2,1495.39
802,2026-09-22,10,C (22-06),L2,FUN-B15,1.5,00:00,3,1495.41
802,2026-09-22,10,C (22-06),L2,FUN-B15,1.5,00:00,4,1505.48
802,2026-09-22,10,C (22-06),L2,FUN-B15,1.5,00:00,5,1510.88
803,2026-09-22,10,C (22-06),L2,FUN-B15,1.5,02:00,1,1519.94
803,2026-09-22,10,C (22-06),L2,FUN-B15,1.5,02:00,2,1512.59
803,2026-09-22,10,C (22-06),L2,FUN-B15,1.5,02:00,3,1506.1
803,2026-09-22,10,C (22-06),L2,FUN-B15,1.5,02:00,4,1508.44
803,2026-09-22,10,C (22-06),L2,FUN-B15,1.5,02:00,5,1507.82
804,2026-09-22,10,C (22-06),L2,FUN-B15,1.5,04:00,1,1510.25
804,2026-09-22,10,C (22-06),L2,FUN-B15,1.5,04:00,2,1514.32
804,2026-09-22,10,C (22-06),L2,FUN-B15,1.5,04:00,3,1512.9
804,2026-09-22,10,C (22-06),L2,FUN-B15,1.5,04:00,4,1507.99
804,2026-09-22,10,C (22-06),L2,FUN-B15,1.5,04:00,5,1517.04
805,2026-09-23,10,A (06-14),L2,FUN-B15,1.5,06:00,1,1506.22
805,2026-09-23,10,A (06-14),L2,FUN-B15,1.5,06:00,2,1506.39
805,2026-09-23,10,A (06-14),L2,FUN-B15,1.5,06:00,3,1501.71
805,2026-09-23,10,A (06-14),L2,FUN-B15,1.5,06:00,4,1502.95
805,2026-09-23,10,A (06-14),L2,FUN-B15,1.5,06:00,5,1501.89
806,2026-09-23,10,A (06-14),L2,FUN-B15,1.5,08:00,1,1499.42
806,2026-09-23,10,A (06-14),L2,FUN-B15,1.5,08:00,2,1502.71
806,2026-09-23,10,A (06-14),L2,FUN-B15,1.5,08:00,3,1504.27
806,2026-09-23,10,A (06-14),L2,FUN-B15,1.5,08:00,4,1498.75
806,2026-09-23,10,A (06-14),L2,FUN-B15,1.5,08:00,5,1513.91
807,2026-09-23,10,A (06-14),L2,FUN-B15,1.5,10:00,1,1501.46
807,2026-09-23,10,A (06-14),L2,FUN-B15,1.5,10:00,2,1504.35
807,2026-09-23,10,A (06-14),L2,FUN-B15,1.5,10:00,3,1506.61
807,2026-09-23,10,A (06-14),L2,FUN-B15,1.5,10:00,4,1507.22
807,2026-09-23,10,A (06-14),L2,FUN-B15,1.5,10:00,5,1499.35
808,2026-09-23,10,A (06-14),L2,FUN-B15,1.5,12:00,1,1503.22
808,2026-09-23,10,A (06-14),L2,FUN-B15,1.5,12:00,2,1501.3
808,2026-09-23,10,A (06-14),L2,FUN-B15,1.5,12:00,3,1499.91
808,2026-09-23,10,A (06-14),L2,FUN-B15,1.5,12:00,4,1502.99
808,2026-09-23,10,A (06-14),L2,FUN-B15,1.5,12:00,5,1499.93
809,2026-09-23,10,B (14-22),L2,FUN-B15,1.5,14:00,1,1497.42
809,2026-09-23,10,B (14-22),L2,FUN-B15,1.5,14:00,2,1513.73
809,2026-09-23,10,B (14-22),L2,FUN-B15,1.5,14:00,3,1497.19
809,2026-09-23,10,B (14-22),L2,FUN-B15,1.5,14:00,4,1497.63
809,2026-09-23,10,B (14-22),L2,FUN-B15,1.5,14:00,5,1511.31
810,2026-09-23,10,B (14-22),L2,FUN-B15,1.5,16:00,1,1502.57
810,2026-09-23,10,B (14-22),L2,FUN-B15,1.5,16:00,2,1504.46
810,2026-09-23,10,B (14-22),L2,FUN-B15,1.5,16:00,3,1505.8
810,2026-09-23,10,B (14-22),L2,FUN-B15,1.5,16:00,4,1505.04
810,2026-09-23,10,B (14-22),L2,FUN-B15,1.5,16:00,5,1498.84
811,2026-09-23,10,B (14-22),L2,FUN-B15,1.5,18:00,1,1506.08
811,2026-09-23,10,B (14-22),L2,FUN-B15,1.5,18:00,2,1510.16
811,2026-09-23,10,B (14-22),L2,FUN-B15,1.5,18:00,3,1505.21
811,2026-09-23,10,B (14-22),L2,FUN-B15,1.5,18:00,4,1502.92
811,2026-09-23,10,B (14-22),L2,FUN-B15,1.5,18:00,5,1503.01
812,2026-09-23,10,B (14-22),L2,FUN-B15,1.5,20:00,1,1496.06
812,2026-09-23,10,B (14-22),L2,FUN-B15,1.5,20:00,2,1504.68
812,2026-09-23,10,B (14-22),L2,FUN-B15,1.5,20:00,3,1507.12
812,2026-09-23,10,B (14-22),L2,FUN-B15,1.5,20:00,4,1512.92
812,2026-09-23,10,B (14-22),L2,FUN-B15,1.5,20:00,5,1507.45
813,2026-09-23,10,C (22-06),L2,CIT-L30,3.0,22:00,1,2994.54
813,2026-09-23,10,C (22-06),L2,CIT-L30,3.0,22:00,2,3018.61
813,2026-09-23,10,C (22-06),L2,CIT-L30,3.0,22:00,3,2999.62
813,2026-09-23,10,C (22-06),L2,CIT-L30,3.0,22:00,4,3021.52
813,2026-09-23,10,C (22-06),L2,CIT-L30,3.0,22:00,5,2996.91
814,2026-09-23,10,C (22-06),L2,CIT-L30,3.0,00:00,1,3032.27
814,2026-09-23,10,C (22-06),L2,CIT-L30,3.0,00:00,2,3010.69
814,2026-09-23,10,C (22-06),L2,CIT-L30,3.0,00:00,3,3025.57
814,2026-09-23,10,C (22-06),L2,CIT-L30,3.0,00:00,4,3006.45
814,2026-09-23,10,C (22-06),L2,CIT-L30,3.0,00:00,5,3009.72
815,2026-09-23,10,C (22-06),L2,CIT-L30,3.0,02:00,1,3006.13
815,2026-09-23,10,C (22-06),L2,CIT-L30,3.0,02:00,2,3014.81
815,2026-09-23,10,C (22-06),L2,CIT-L30,3.0,02:00,3,3017.86
815,2026-09-23,10,C (22-06),L2,CIT-L30,3.0,02:00,4,3009.6
815,2026-09-23,10,C (22-06),L2,CIT-L30,3.0,02:00,5,3005.6
816,2026-09-23,10,C (22-06),L2,CIT-L30,3.0,04:00,1,2998.67
816,2026-09-23,10,C (22-06),L2,CIT-L30,3.0,04:00,2,3014.4
816,2026-09-23,10,C (22-06),L2,CIT-L30,3.0,04:00,3,3008.92
816,2026-09-23,10,C (22-06),L2,CIT-L30,3.0,04:00,4,3015.2
816,2026-09-23,10,C (22-06),L2,CIT-L30,3.0,04:00,5,3011.41
817,2026-09-24,10,A (06-14),L2,CIT-L30,3.0,06:00,1,2990.81
817,2026-09-24,10,A (06-14),L2,CIT-L30,3.0,06:00,2,3021.22
817,2026-09-24,10,A (06-14),L2,CIT-L30,3.0,06:00,3,3019.5
817,2026-09-24,10,A (06-14),L2,CIT-L30,3.0,06:00,4,3023.45
817,2026-09-24,10,A (06-14),L2,CIT-L30,3.0,06:00,5,2995.28
818,2026-09-24,10,A (06-14),L2,CIT-L30,3.0,08:00,1,3002.64
818,2026-09-24,10,A (06-14),L2,CIT-L30,3.0,08:00,2,3018.59
818,2026-09-24,10,A (06-14),L2,CIT-L30,3.0,08:00,3,3017.28
818,2026-09-24,10,A (06-14),L2,CIT-L30,3.0,08:00,4,3014.33
818,2026-09-24,10,A (06-14),L2,CIT-L30,3.0,08:00,5,3012.91
819,2026-09-24,10,A (06-14),L2,CIT-L30,3.0,10:00,1,3006.49
819,2026-09-24,10,A (06-14),L2,CIT-L30,3.0,10:00,2,2999.2
819,2026-09-24,10,A (06-14),L2,CIT-L30,3.0,10:00,3,3003.1
819,2026-09-24,10,A (06-14),L2,CIT-L30,3.0,10:00,4,3016.06
819,2026-09-24,10,A (06-14),L2,CIT-L30,3.0,10:00,5,2995.81
820,2026-09-24,10,A (06-14),L2,CIT-L30,3.0,12:00,1,3006.7
820,2026-09-24,10,A (06-14),L2,CIT-L30,3.0,12:00,2,2997.54
820,2026-09-24,10,A (06-14),L2,CIT-L30,3.0,12:00,3,3004.38
820,2026-09-24,10,A (06-14),L2,CIT-L30,3.0,12:00,4,3017.55
820,2026-09-24,10,A (06-14),L2,CIT-L30,3.0,12:00,5,3007.73
821,2026-09-24,10,B (14-22),L2,CIT-L30,3.0,14:00,1,2994.25
821,2026-09-24,10,B (14-22),L2,CIT-L30,3.0,14:00,2,3007.63
821,2026-09-24,10,B (14-22),L2,CIT-L30,3.0,14:00,3,3016.39
821,2026-09-24,10,B (14-22),L2,CIT-L30,3.0,14:00,4,3009.15
821,2026-09-24,10,B (14-22),L2,CIT-L30,3.0,14:00,5,3006.15
822,2026-09-24,10,B (14-22),L2,CIT-L30,3.0,16:00,1,3027.8
822,2026-09-24,10,B (14-22),L2,CIT-L30,3.0,16:00,2,3006.93
822,2026-09-24,10,B (14-22),L2,CIT-L30,3.0,16:00,3,3006.92
822,2026-09-24,10,B (14-22),L2,CIT-L30,3.0,16:00,4,3002.93
822,2026-09-24,10,B (14-22),L2,CIT-L30,3.0,16:00,5,3001.07
823,2026-09-24,10,B (14-22),L2,CIT-L30,3.0,18:00,1,3003.44
823,2026-09-24,10,B (14-22),L2,CIT-L30,3.0,18:00,2,3007.61
823,2026-09-24,10,B (14-22),L2,CIT-L30,3.0,18:00,3,2980.36
823,2026-09-24,10,B (14-22),L2,CIT-L30,3.0,18:00,4,2999.27
823,2026-09-24,10,B (14-22),L2,CIT-L30,3.0,18:00,5,3004.26
824,2026-09-24,10,B (14-22),L2,CIT-L30,3.0,20:00,1,3003.55
824,2026-09-24,10,B (14-22),L2,CIT-L30,3.0,20:00,2,3019.29
824,2026-09-24,10,B (14-22),L2,CIT-L30,3.0,20:00,3,3005.51
824,2026-09-24,10,B (14-22),L2,CIT-L30,3.0,20:00,4,2998.4
824,2026-09-24,10,B (14-22),L2,CIT-L30,3.0,20:00,5,3003.98
825,2026-09-24,10,C (22-06),L2,NEC-D15,1.5,22:00,1,1510.74
825,2026-09-24,10,C (22-06),L2,NEC-D15,1.5,22:00,2,1499.27
825,2026-09-24,10,C (22-06),L2,NEC-D15,1.5,22:00,3,1509.28
825,2026-09-24,10,C (22-06),L2,NEC-D15,1.5,22:00,4,1502.65
825,2026-09-24,10,C (22-06),L2,NEC-D15,1.5,22:00,5,1507.93
826,2026-09-24,10,C (22-06),L2,NEC-D15,1.5,00:00,1,1494.81
826,2026-09-24,10,C (22-06),L2,NEC-D15,1.5,00:00,2,1510.31
826,2026-09-24,10,C (22-06),L2,NEC-D15,1.5,00:00,3,1501.4
826,2026-09-24,10,C (22-06),L2,NEC-D15,1.5,00:00,4,1503.39
826,2026-09-24,10,C (22-06),L2,NEC-D15,1.5,00:00,5,1515.76
827,2026-09-24,10,C (22-06),L2,NEC-D15,1.5,02:00,1,1509.87
827,2026-09-24,10,C (22-06),L2,NEC-D15,1.5,02:00,2,1507.13
827,2026-09-24,10,C (22-06),L2,NEC-D15,1.5,02:00,3,1507.6
827,2026-09-24,10,C (22-06),L2,NEC-D15,1.5,02:00,4,1510.69
827,2026-09-24,10,C (22-06),L2,NEC-D15,1.5,02:00,5,1511.6
828,2026-09-24,10,C (22-06),L2,NEC-D15,1.5,04:00,1,1506.44
828,2026-09-24,10,C (22-06),L2,NEC-D15,1.5,04:00,2,1516.1
828,2026-09-24,10,C (22-06),L2,NEC-D15,1.5,04:00,3,1505.44
828,2026-09-24,10,C (22-06),L2,NEC-D15,1.5,04:00,4,1516.31
828,2026-09-24,10,C (22-06),L2,NEC-D15,1.5,04:00,5,1513.86
829,2026-09-25,10,A (06-14),L2,CIT-L30,3.0,06:00,1,3011.05
829,2026-09-25,10,A (06-14),L2,CIT-L30,3.0,06:00,2,3008.59
829,2026-09-25,10,A (06-14),L2,CIT-L30,3.0,06:00,3,3013.95
829,2026-09-25,10,A (06-14),L2,CIT-L30,3.0,06:00,4,2999.06
829,2026-09-25,10,A (06-14),L2,CIT-L30,3.0,06:00,5,3002.83
830,2026-09-25,10,A (06-14),L2,CIT-L30,3.0,08:00,1,2997.25
830,2026-09-25,10,A (06-14),L2,CIT-L30,3.0,08:00,2,3016.89
830,2026-09-25,10,A (06-14),L2,CIT-L30,3.0,08:00,3,2994.5
830,2026-09-25,10,A (06-14),L2,CIT-L30,3.0,08:00,4,3016.12
830,2026-09-25,10,A (06-14),L2,CIT-L30,3.0,08:00,5,3011.13
831,2026-09-25,10,A (06-14),L2,CIT-L30,3.0,10:00,1,3014.47
831,2026-09-25,10,A (06-14),L2,CIT-L30,3.0,10:00,2,3000.3
831,2026-09-25,10,A (06-14),L2,CIT-L30,3.0,10:00,3,3015.17
831,2026-09-25,10,A (06-14),L2,CIT-L30,3.0,10:00,4,2999.42
831,2026-09-25,10,A (06-14),L2,CIT-L30,3.0,10:00,5,3009.53
832,2026-09-25,10,A (06-14),L2,CIT-L30,3.0,12:00,1,3018.28
832,2026-09-25,10,A (06-14),L2,CIT-L30,3.0,12:00,2,3006.13
832,2026-09-25,10,A (06-14),L2,CIT-L30,3.0,12:00,3,3015.79
832,2026-09-25,10,A (06-14),L2,CIT-L30,3.0,12:00,4,3006.88
832,2026-09-25,10,A (06-14),L2,CIT-L30,3.0,12:00,5,3003.99
833,2026-09-25,10,B (14-22),L2,CIT-L30,3.0,14:00,1,3008.88
833,2026-09-25,10,B (14-22),L2,CIT-L30,3.0,14:00,2,3012.67
833,2026-09-25,10,B (14-22),L2,CIT-L30,3.0,14:00,3,3011.78
833,2026-09-25,10,B (14-22),L2,CIT-L30,3.0,14:00,4,3007.3
833,2026-09-25,10,B (14-22),L2,CIT-L30,3.0,14:00,5,3012.56
834,2026-09-25,10,B (14-22),L2,CIT-L30,3.0,16:00,1,3017.23
834,2026-09-25,10,B (14-22),L2,CIT-L30,3.0,16:00,2,3013.62
834,2026-09-25,10,B (14-22),L2,CIT-L30,3.0,16:00,3,3021.53
834,2026-09-25,10,B (14-22),L2,CIT-L30,3.0,16:00,4,3001.4
834,2026-09-25,10,B (14-22),L2,CIT-L30,3.0,16:00,5,3019.06
835,2026-09-25,10,B (14-22),L2,CIT-L30,3.0,18:00,1,3004.35
835,2026-09-25,10,B (14-22),L2,CIT-L30,3.0,18:00,2,3001.78
835,2026-09-25,10,B (14-22),L2,CIT-L30,3.0,18:00,3,3008.08
835,2026-09-25,10,B (14-22),L2,CIT-L30,3.0,18:00,4,3002.09
835,2026-09-25,10,B (14-22),L2,CIT-L30,3.0,18:00,5,3025.67
836,2026-09-25,10,B (14-22),L2,CIT-L30,3.0,20:00,1,3014.03
836,2026-09-25,10,B (14-22),L2,CIT-L30,3.0,20:00,2,2995.92
836,2026-09-25,10,B (14-22),L2,CIT-L30,3.0,20:00,3,3007.73
836,2026-09-25,10,B (14-22),L2,CIT-L30,3.0,20:00,4,3026.54
836,2026-09-25,10,B (14-22),L2,CIT-L30,3.0,20:00,5,3002.91
837,2026-09-25,10,C (22-06),L2,FUN-B15,1.5,22:00,1,1503.68
837,2026-09-25,10,C (22-06),L2,FUN-B15,1.5,22:00,2,1502.23
837,2026-09-25,10,C (22-06),L2,FUN-B15,1.5,22:00,3,1501.33
837,2026-09-25,10,C (22-06),L2,FUN-B15,1.5,22:00,4,1496.02
837,2026-09-25,10,C (22-06),L2,FUN-B15,1.5,22:00,5,1498.84
838,2026-09-25,10,C (22-06),L2,FUN-B15,1.5,00:00,1,1507.1
838,2026-09-25,10,C (22-06),L2,FUN-B15,1.5,00:00,2,1505.08
838,2026-09-25,10,C (22-06),L2,FUN-B15,1.5,00:00,3,1509.19
838,2026-09-25,10,C (22-06),L2,FUN-B15,1.5,00:00,4,1515.17
838,2026-09-25,10,C (22-06),L2,FUN-B15,1.5,00:00,5,1510.5
839,2026-09-25,10,C (22-06),L2,FUN-B15,1.5,02:00,1,1519.19
839,2026-09-25,10,C (22-06),L2,FUN-B15,1.5,02:00,2,1513.36
839,2026-09-25,10,C (22-06),L2,FUN-B15,1.5,02:00,3,1511.63
839,2026-09-25,10,C (22-06),L2,FUN-B15,1.5,02:00,4,1510.05
839,2026-09-25,10,C (22-06),L2,FUN-B15,1.5,02:00,5,1510.5
840,2026-09-25,10,C (22-06),L2,FUN-B15,1.5,04:00,1,1503.58
840,2026-09-25,10,C (22-06),L2,FUN-B15,1.5,04:00,2,1504.76
840,2026-09-25,10,C (22-06),L2,FUN-B15,1.5,04:00,3,1490.38
840,2026-09-25,10,C (22-06),L2,FUN-B15,1.5,04:00,4,1506.28
840,2026-09-25,10,C (22-06),L2,FUN-B15,1.5,04:00,5,1516.21
